brand,product_name,color_name,price,personal_color,color_detail,texture_tag,pros_summary,cons_summary,key_ingredients,Unnamed: 10,product_id
3CE,무드레시피 페이스 블러쉬,누드 피치,19000,#봄웜톤,은은한 복숭아 피치 컬러,#보송 #실키,생기있게 연출되어 얼굴이 화사해 보여요,피부가 건조하면 살짝 들뜰 수 있어요,비타민E,,cheek_3CE_누드_피치_1763391225009
3CE,무드레시피 페이스 블러쉬,모노 핑크,19000,#여름쿨톤라이트,은은한 핑크 컬러,#보송 #실키,자연스러운 혈색처럼 발색되어 화사해요,피부톤에 따라 발색이 연하게 느껴질 수 있어요,비타민E,,cheek_3CE_모노_핑크_1763391225010
3CE,무드레시피 페이스 블러쉬,시티 모브,19000,#여름쿨톤뮤트,은은한 핑크 컬러,#보송 #실키,과하지 않은 색상으로 데일리로 사용 좋아요,여러 번 덧바르면 다소 칙칙해질 수 있어요,비타민E,,cheek_3CE_시티_모브_1763391225011
3CE,무드레시피 페이스 블러쉬,카인다 샤이,19000,#겨울쿨톤,은은한 핑크 컬러,#보송 #실키,붉은기 과하지 않아 자연스럽게 어울려요,피부가 건조하면 살짝 들뜰 수 있어요,비타민E,,cheek_3CE_카인다_샤이_1763391225012
3CE,무드레시피 페이스 블러쉬,핑크 필터,19000,#여름쿨톤라이트,은은한 핑크 컬러,#보송 #실키,자연스러운 혈색처럼 발색되어 화사해요,피부톤에 따라 발색이 연하게 느껴질 수 있어요,비타민E,,cheek_3CE_핑크_필터_1763391225013
3CE,무드레시피 페이스 블러쉬,피그 다이브,19000,#봄웜톤,은은한 핑크 컬러,#보송 #실키,생기있게 연출되어 얼굴이 화사해 보여요,피부가 건조하면 살짝 들뜰 수 있어요,비타민E,,cheek_3CE_피그_다이브_1763391225014
3CE,무드레시피 페이스 블러쉬,풀스 인 러브,19000,#여름쿨톤뮤트,은은한 핑크 컬러,#보송 #실키,과하지 않은 색상으로 데일리로 사용 좋아요,여러 번 덧바르면 다소 칙칙해질 수 있어요,비타민E,,cheek_3CE_풀스_인_러브_1763391225015
3CE,무드레시피 페이스 블러쉬,로즈 베이지,19000,#가을웜톤뮤트,은은한 장미빛 로즈 컬러,#보송 #실키,과하지 않은 색상으로 데일리로 사용 좋아요,여러 번 덧바르면 다소 칙칙해질 수 있어요,비타민E,,cheek_3CE_로즈_베이지_1763391225016
3CE,무드레시피 페이스 블러쉬,렛 미 스테이,19000,#봄웜톤,은은한 핑크 컬러,#보송 #실키,생기있게 연출되어 얼굴이 화사해 보여요,피부가 건조하면 살짝 들뜰 수 있어요,비타민E,,cheek_3CE_렛_미_스테이_1763391225017
Naming,플러피 파우더 블러쉬,니제,15000,#겨울쿨톤,은은한 핑크 컬러,#보송 #실키,붉은기 과하지 않아 자연스럽게 어울려요,피부가 건조하면 살짝 들뜰 수 있어요,옥수수전분,,cheek_Naming_니제_1763391225018
Naming,플러피 파우더 블러쉬,치피,15000,#봄웜톤라이트,은은한 복숭아 피치 컬러,#보송 #실키,자연스러운 혈색처럼 발색되어 화사해요,피부톤에 따라 발색이 연하게 느껴질 수 있어요,옥수수전분,,cheek_Naming_치피_1763391225019
Naming,플러피 파우더 블러쉬,토스트,15000,#가을웜톤뮤트,은은한 누디 브라운 컬러,#보송 #실키,과하지 않은 색상으로 데일리로 사용 좋아요,여러 번 덧바르면 다소 칙칙해질 수 있어요,옥수수전분,,cheek_Naming_토스트_1763391225020
Naming,플러피 파우더 블러쉬,티크,15000,#가을웜톤딥,딥한 누디 브라운 컬러,#보송 #실키,한 번만 발라도 선명하게 발색돼요,양 조절을 못 하면 다소 진하게 착색될 수 있어요,옥수수전분,,cheek_Naming_티크_1763391225021
Naming,플러피 파우더 블러쉬,스트럿,15000,#가을웜톤딥,딥한 번트 브릭 컬러,#보송 #실키,한 번만 발라도 선명하게 발색돼요,양 조절을 못 하면 다소 진하게 착색될 수 있어요,옥수수전분,,cheek_Naming_스트럿_1763391225022
Naming,플러피 파우더 블러쉬,필로우,15000,#봄웜톤,은은한 핑크 컬러,#보송 #실키,생기있게 연출되어 얼굴이 화사해 보여요,피부가 건조하면 살짝 들뜰 수 있어요,옥수수전분,,cheek_Naming_필로우_1763391225023
Naming,플러피 파우더 블러쉬,피이그,15000,#가을웜톤뮤트,은은한 핑크 컬러,#보송 #실키,과하지 않은 색상으로 데일리로 사용 좋아요,여러 번 덧바르면 다소 칙칙해질 수 있어요,옥수수전분,,cheek_Naming_피이그_1763391225024
Naming,플러피 파우더 블러쉬,헤이그,15000,#봄웜톤,은은한 복숭아 피치 컬러,#보송 #실키,생기있게 연출되어 얼굴이 화사해 보여요,피부가 건조하면 살짝 들뜰 수 있어요,옥수수전분,,cheek_Naming_헤이그_1763391225025
Naming,플러피 파우더 블러쉬,그레이브,15000,#여름쿨톤뮤트,은은한 퍼플 컬러,#보송 #실키,과하지 않은 색상으로 데일리로 사용 좋아요,여러 번 덧바르면 다소 칙칙해질 수 있어요,옥수수전분,,cheek_Naming_그레이브_1763391225026
Naming,플러피 파우더 블러쉬,페이지,15000,#가을웜톤뮤트,은은한 누디 베이지 컬러,#보송 #실키,과하지 않은 색상으로 데일리로 사용 좋아요,여러 번 덧바르면 다소 칙칙해질 수 있어요,옥수수전분,,cheek_Naming_페이지_1763391225027
Naming,플러피 파우더 블러쉬,어빗,15000,#여름쿨톤,은은한 핑크 컬러,#보송 #실키,붉은기 과하지 않아 자연스럽게 어울려요,피부가 건조하면 살짝 들뜰 수 있어요,옥수수전분,,cheek_Naming_어빗_1763391225028
VDL,치크스테인 블러셔,01 바운싱 피치,23000,#봄웜톤,은은한 복숭아 피치 컬러,#보송 #블러링,생기있게 연출되어 얼굴이 화사해 보여요,피부가 건조하면 살짝 들뜰 수 있어요,히알루론산,,cheek_VDL_01_바운싱피치_1763391225034
VDL,치크스테인 블러셔,11 보헤미안 핑크,23000,#봄웜톤,은은한 핑크 컬러,#보송 #블러링,생기있게 연출되어 얼굴이 화사해 보여요,피부가 건조하면 살짝 들뜰 수 있어요,히알루론산,,cheek_VDL_11_보헤미안핑크_1763391225035
VDL,치크스테인 블러셔,16 프로즌모브듀얼,23000,#여름쿨톤라이트,은은한 라일락 퍼플 컬러,#보송 #블러링,자연스러운 혈색처럼 발색되어 화사해요,피부톤에 따라 발색이 연하게 느껴질 수 있어요,히알루론산,,cheek_VDL_16프로즌모브듀얼_1763391225036
VDL,치크스테인 블러셔,13 하이퍼 핑크,23000,#겨울쿨톤,은은한 핑크 컬러,#보송 #블러링,붉은기 과하지 않아 자연스럽게 어울려요,피부가 건조하면 살짝 들뜰 수 있어요,히알루론산,,cheek_VDL_13하이퍼핑크_1763391225037
VDL,치크스테인 블러셔,01 바운싱 피치,23000,#봄웜톤,은은한 복숭아 피치 컬러,#보송 #블러링,생기있게 연출되어 얼굴이 화사해 보여요,피부가 건조하면 살짝 들뜰 수 있어요,히알루론산,,cheek_VDL_01_바운싱피치_1763391225034
VDL,치크스테인 블러셔,03 라이크 베이지,23000,#가을웜톤뮤트,은은한 누디 베이지 컬러,#보송 #블러링,과하지 않은 색상으로 데일리로 사용 좋아요,피부가 건조하면 살짝 들뜰 수 있어요,히알루론산,,cheek_VDL_03_라이크_베이지_1763391225039
VDL,치크스테인 블러셔,06 헤이,23000,#봄웜톤,은은한 핑크 컬러,#보송 #블러링,생기있게 연출되어 얼굴이 화사해 보여요,피부가 건조하면 살짝 들뜰 수 있어요,히알루론산,,cheek_VDL_06_헤이_고져스_1763391225040
VDL,치크스테인 블러셔,09 플러팅 핑크,23000,#봄웜톤,은은한 핑크 컬러,#보송 #블러링,생기있게 연출되어 얼굴이 화사해 보여요,피부가 건조하면 살짝 들뜰 수 있어요,히알루론산,,cheek_VDL_09_플러팅_핑크_1763391225041
VDL,치크스테인 블러셔,10 칠린 라일락,23000,#여름쿨톤뮤트,은은한 라일락 퍼플 컬러,#보송 #블러링,과하지 않은 색상으로 데일리로 사용 좋아요,피부가 건조하면 살짝 들뜰 수 있어요,히알루론산,,cheek_VDL_10_칠린_라일락_1763391225042
VDL,치크스테인 블러셔,13 하이퍼 핑크,23000,#겨울쿨톤,은은한 핑크 컬러,#보송 #블러링,붉은기 과하지 않아 자연스럽게 어울려요,피부가 건조하면 살짝 들뜰 수 있어요,히알루론산,,cheek_VDL_13하이퍼핑크_1763391225037
VDL,치크스테인 블러셔,15 빈티지 로즈,23000,#가을웜톤뮤트,은은한 장미빛 로즈 컬러,#보송 #블러링,과하지 않은 색상으로 데일리로 사용 좋아요,피부가 건조하면 살짝 들뜰 수 있어요,히알루론산,,cheek_VDL_15_빈티지_로즈_1763391225045
VDL,치크스테인 블러셔,17 멜로우 씬 듀얼,23000,#여름쿨톤뮤트,은은한 핑크 컬러,#보송 #블러링,과하지 않은 색상으로 데일리로 사용 좋아요,피부가 건조하면 살짝 들뜰 수 있어요,히알루론산,,cheek_VDL_17멜로우씬듀얼_1763391225046
VDL,치크스테인 블러셔,02 페이보릿 라벤더,23000,#여름쿨톤라이트,은은한 라일락 퍼플 컬러,#보송 #블러링,자연스러운 혈색처럼 발색되어 화사해요,피부톤에 따라 발색이 연하게 느껴질 수 있어요,히알루론산,,cheek_VDL_02_페이보릿_라벤더_1763391225047
VDL,치크스테인 블러셔,07 미스티 애프리콧,23000,#봄웜톤라이트,은은한 복숭아 피치 컬러,#보송 #블러링,자연스러운 혈색처럼 발색되어 화사해요,피부톤에 따라 발색이 연하게 느껴질 수 있어요,히알루론산,,cheek_VDL_07_미스티_애프리콧_1763391225048
Lilybyred,러브빔 치크밤,15 너티빔,13000,#가을웜톤뮤트,차분하고 따뜻한 누드 베이지,#크리미 #보송,블렌딩 후 보송하게 마무리되어 사용이 편해요,건성 피부에는 다소 매트하게 느껴질 수 있어요,시어버터,,cheek_Lilybyred_15_너티빔_1763391225062
Lilybyred,러브빔 치크밤,14 로지빔,13000,#봄웜톤,은은한 로지 핑크,#크리미 #촉촉,붉은기 과하지 않아 자연스럽게 어울려요,시간이 지나면 살짝 끈적일 수 있어요,호호바씨오일,,cheek_Lilybyred_14_로지빔_1763391225063
Lilybyred,러브빔 치크밤,13 부끄빔,13000,#봄웜톤,은은한 핑크,#크리미 #촉촉,생기있게 연출되어 얼굴이 화사해 보여요,시간이 지나면 살짝 끈적일 수 있어요,호호바씨오일,,cheek_Lilybyred_13_부끄빔_1763391225064
Lilybyred,러브빔 치크밤,07 발그레빔,13000,#봄웜톤,생기 코랄 핑크,#크리미 #촉촉,손열로 녹여 두드리면 자연스러운 혈색 완성돼요,더운 날씨에는 무너짐이 빠를 수 있어요,호호바씨오일,,cheek_Lilybyred_07_발그레빔_1763391225065
Lilybyred,러브빔 치크밤,12 두근빔,13000,#봄웜톤,은은한 피치 핑크,#크리미 #촉촉,생기있게 연출되어 얼굴이 화사해 보여요,시간이 지나면 살짝 끈적일 수 있어요,호호바씨오일,,cheek_Lilybyred_12_두근빔_1763391225066
Lilybyred,러브빔 치크밤,05 앙큼빔,13000,#여름쿨톤라이트,사랑스럽고 발랄한 라일락 핑크,#크리미 #촉촉,크림 제형이라 볼에 착 밀착돼요,시간이 지나면 살짝 끈적일 수 있어요,호호바씨오일,,cheek_Lilybyred_05_앙큼빔_1763391225067
Lilybyred,러브빔 치크밤,03 감성빔,13000,#가을웜톤뮤트,차분한 모브 핑크,#크리미 #촉촉,붉은기 과하지 않아 자연스럽게 어울려요,시간이 지나면 살짝 끈적일 수 있어요,호호바씨오일,,cheek_Lilybyred_03_감성빔_1763391225068
Lilybyred,러브빔 치크밤,02 순수빔,13000,#여름쿨톤라이트,맑고 쿨한 딸기우유 핑크,#크리미 #촉촉,크림 제형이라 볼에 착 밀착돼요,시간이 지나면 살짝 끈적일 수 있어요,호호바씨오일,,cheek_Lilybyred_02_순수빔_1763391225069
Lilybyred,러브빔 치크밤,01 청초빔,13000,#봄웜톤라이트,맑은 피치 핑크,#크리미 #촉촉,손열로 녹여 두드리면 자연스러운 혈색 완성돼요,시간이 지나면 살짝 끈적일 수 있어요,호호바씨오일,,cheek_Lilybyred_01_청초빔_1763391225070
Lilybyred,러브빔 치크밤,09 새콤빔,13000,#봄웜톤,생기 코랄 오렌지,#크리미 #촉촉,생기있게 연출되어 얼굴이 화사해 보여요,더운 날씨에는 무너짐이 빠를 수 있어요,호호바씨오일,,cheek_Lilybyred_09_새콤빔_1763391225071
Lilybyred,러브빔 치크밤,10 포도빔,13000,#겨울쿨톤,생기있는 퍼플 핑크,#크리미 #촉촉,한 번만 발라도 선명하게 발색돼요,더운 날씨에는 무너짐이 빠를 수 있어요,호호바씨오일,,cheek_Lilybyred_10_포도빔_1763391225072
Lilybyred,러브빔 치크밤,11 포근빔,13000,#가을웜톤뮤트,포근한 로지 코랄,#크리미 #촉촉,과하지 않은 색상으로 데일리로 사용 좋아요,시간이 지나면 살짝 끈적일 수 있어요,호호바씨오일,,cheek_Lilybyred_11_포근빔_1763391225073
Lilybyred,러브빔 치크밤,06 복숭빔,13000,#봄웜톤라이트,맑은 복숭아 핑크,#크리미 #촉촉,자연스러운 혈색처럼 발색되어 화사해요,더운 날씨에는 무너짐이 빠를 수 있어요,호호바씨오일,,cheek_Lilybyred_06_복숭빔_1763391225074
Peripera,맑게 물든 선샤인 치크,28 케미팡팡해,8000,#봄웜톤,맑은 피치 컬러,#크리미 #촉촉,자연스러운 혈색처럼 발색되어 화사해요,더운 날씨에는 무너짐이 빠를 수 있어요,살구추출물,,cheek_Peripera_28_케미팡팡해_1763391225075
Peripera,맑게 물든 선샤인 치크,30 장미멀멀해,8000,#가을웜톤뮤트,은은한 로즈 컬러,#크리미 #촉촉,과하지 않은 색상으로 데일리로 사용 좋아요,더운 날씨에는 무너짐이 빠를 수 있어요,살구추출물,,cheek_Peripera_30_장미멀멀해_1763391225076
Peripera,맑게 물든 선샤인 치크,12 날씨요정등극해,8000,#겨울쿨톤,딥한 핑크 컬러,#보송 #실키,붉은기 과하지 않아 자연스럽게 어울려요,양 조절을 못 하면 다소 진하게 착색될 수 있어요,베리콤플렉스,,cheek_Peripera_12_날씨요정등극해_1763391225077
Peripera,맑게 물든 선샤인 치크,29 모브낭낭해,8000,#여름쿨톤뮤트,은은한 퍼플 컬러,#크리미 #촉촉,과하지 않은 색상으로 데일리로 사용 좋아요,더운 날씨에는 무너짐이 빠를 수 있어요,베리콤플렉스,,cheek_Peripera_29_모브낭낭해_1763391225078
Peripera,맑게 물든 선샤인 치크,31 라떼달달해,8000,#가을웜톤뮤트,은은한 누디 베이지 컬러,#크리미 #촉촉,과하지 않은 색상으로 데일리로 사용 좋아요,더운 날씨에는 무너짐이 빠를 수 있어요,살구추출물,,cheek_Peripera_31_라떼달달해_1763391225079
Peripera,맑게 물든 선샤인 치크,01 집밖은위험해,8000,#가을웜톤뮤트,말린 감귤빛 누디 피치 컬러,#보송 #블러링,과하지 않은 피치톤으로 어디에나 잘 어울려요,피부톤에 따라 발색이 연하게 느껴질 수 있어요,살구추출물,,cheek_Peripera_01_집밖은위험해_1763391225080
Peripera,맑게 물든 선샤인 치크,06 아침잠좋아해,8000,#여름쿨톤라이트,맑은 핑크 컬러,#보송 #블러링,자연스러운 혈색처럼 발색되어 화사해요,피부톤에 따라 발색이 연하게 느껴질 수 있어요,베리콤플렉스,,cheek_Peripera_06_아침잠좋아해_1763391225081
Peripera,맑게 물든 선샤인 치크,16 도토리좋아해,8000,#가을웜톤딥,딥한 누디 브라운 컬러,#보송 #블러링,한 번만 발라도 선명하게 발색돼요,양 조절을 못 하면 다소 진하게 착색될 수 있어요,살구추출물,,cheek_Peripera_16_도토리_좋아해_1763391225082
Peripera,맑게 물든 선샤인 치크,22 당도초과해,8000,#봄웜톤,은은한 피치 컬러,#보송 #블러링,생기있게 연출되어 얼굴이 화사해 보여요,피부가 건조하면 살짝 들뜰 수 있어요,살구추출물,,cheek_Peripera_22_당도초과해_1763391225083
Peripera,맑게 물든 선샤인 치크,25 반달입떡해,8000,#가을웜톤뮤트,은은한 코랄 컬러,#보송 #블러링,과하지 않은 색상으로 데일리로 사용 좋아요,피부가 건조하면 살짝 들뜰 수 있어요,살구추출물,,cheek_Peripera_25_반달입떡해_1763391225084
Peripera,맑게 물든 선샤인 치크,26 달달베리해,8000,#겨울쿨톤딥,딥한 베리 핑크 컬러,#보송 #실키,한 번만 발라도 선명하게 발색돼요,양 조절을 못 하면 다소 진하게 착색될 수 있어요,베리콤플렉스,,cheek_Peripera_26_달달베리해_1763391225085
Peripera,맑게 물든 선샤인 치크,27 딸기수확해,8000,#겨울쿨톤,딥한 베리 핑크 컬러,#보송 #실키,한 번만 발라도 선명하게 발색돼요,양 조절을 못 하면 다소 진하게 착색될 수 있어요,베리콤플렉스,,cheek_Peripera_27_딸기수확해_1763391225086
Rom&nd,롬앤 배러 댄 치크,C02 블루베리칩,9900,#여름쿨톤뮤트,은은한 퍼플 핑크 컬러,#보송 #블러링,과하지 않은 색상으로 데일리로 사용 좋아요,피부가 건조하면 살짝 들뜰 수 있어요,실리카,,cheek_Rom_nd_C02_블루베리칩_1763391225087
Rom&nd,롬앤 배러 댄 치크,N02 바인 누드,9900,#가을웜톤뮤트,은은한 누디 베이지 컬러,#보송 #블러링,과하지 않은 색상으로 데일리로 사용 좋아요,피부가 건조하면 살짝 들뜰 수 있어요,실리카,,cheek_Rom_nd_N02_바인_누드_1763391225088
Rom&nd,롬앤 배러 댄 치크,N01 너티 누드,9900,#가을웜톤뮤트,은은한 누디 베이지 컬러,#보송 #블러링,과하지 않은 색상으로 데일리로 사용 좋아요,피부가 건조하면 살짝 들뜰 수 있어요,실리카,,cheek_Rom_nd_N01_너티_누드_1763391225089
Rom&nd,롬앤 배러 댄 치크,W03 애프리콧 밀크,9900,#봄웜톤라이트,맑은 복숭아 피치 컬러,#보송 #블러링,자연스러운 혈색처럼 발색되어 화사해요,피부톤에 따라 발색이 연하게 느껴질 수 있어요,실리카,,cheek_Rom_nd_W03_애프리콧_밀크_1763391225090
Rom&nd,롬앤 배러 댄 치크,W02 스트로베리 밀크,9900,#여름쿨톤라이트,맑은 핑크 컬러,#보송 #블러링,자연스러운 혈색처럼 발색되어 화사해요,피부톤에 따라 발색이 연하게 느껴질 수 있어요,실리카,,cheek_Rom_nd_W02_스트로베리_밀크_1763391225091
Rom&nd,롬앤 배러 댄 치크,W01 오디 밀크,9900,#여름쿨톤뮤트,은은한 퍼플 핑크 컬러,#보송 #블러링,과하지 않은 색상으로 데일리로 사용 좋아요,피부가 건조하면 살짝 들뜰 수 있어요,실리카,,cheek_Rom_nd_W01_오디_밀크_1763391225092
Rom&nd,롬앤 배러 댄 치크,C04 페어칩,9900,#봄웜톤,은은한 피치 컬러,#보송 #블러링,생기있게 연출되어 얼굴이 화사해 보여요,피부가 건조하면 살짝 들뜰 수 있어요,실리카,,cheek_Rom_nd_C04_페어칩_1763391225093
Rom&nd,롬앤 배러 댄 치크,C03 피그칩,9900,#가을웜톤뮤트,은은한 핑크 컬러,#보송 #블러링,과하지 않은 색상으로 데일리로 사용 좋아요,피부가 건조하면 살짝 들뜰 수 있어요,실리카,,cheek_Rom_nd_C03_피그칩_1763391225094
Rom&nd,롬앤 배러 댄 치크,C01 피치칩,9900,#봄웜톤,은은한 피치 컬러,#보송 #블러링,생기있게 연출되어 얼굴이 화사해 보여요,피부가 건조하면 살짝 들뜰 수 있어요,실리카,,cheek_Rom_nd_C01_피치칩_1763391225095
Rom&nd,롬앤 배러 댄 치크 #글레이즈,G02 쥬시 글레이즈,9900,#봄웜톤,딥한 오렌지 코랄 컬러,#광택 #투명,한 번만 발라도 선명하게 발색돼요,더운 날씨에는 무너짐이 빠를 수 있어요,실리카,,cheek_Rom_nd_G02_쥬시_글레이즈_1763391225096
Rom&nd,롬앤 배러 댄 치크 #글레이즈,G01 피치 글레이즈,9900,#봄웜톤,딥한 코랄 핑크 컬러,#광택 #투명,한 번만 발라도 선명하게 발색돼요,더운 날씨에는 무너짐이 빠를 수 있어요,실리카,,cheek_Rom_nd_G01_피치_글레이즈_1763391225097
Rom&nd,롬앤 배러 댄 치크 #스프링피버,S02 리치 칩,9900,#봄웜톤라이트,맑은 코랄 컬러,#맑음 #실키,자연스러운 혈색처럼 발색되어 화사해요,피부톤에 따라 발색이 연하게 느껴질 수 있어요,실리카,,cheek_Rom_nd_S02_리치_칩_1763391225098
Rom&nd,롬앤 배러 댄 치크 #스프링피버,S01 망고 칩,9900,#봄웜톤라이트,맑은 오렌지 컬러,#맑음 #실키,자연스러운 혈색처럼 발색되어 화사해요,피부톤에 따라 발색이 연하게 느껴질 수 있어요,실리카,,cheek_Rom_nd_S01_망고_칩_1763391225099
Rom&nd,롬앤 배러 댄 치크 #블랙스펙트럼,B01 진저 나잇,9900,#가을웜톤딥,딥한 브라운 컬러,#보송 #블러링,한 번만 발라도 선명하게 발색돼요,양 조절을 못 하면 다소 진하게 착색될 수 있어요,실리카,,cheek_Rom_nd_B01_진저_나잇_1763391225100
Rom&nd,롬앤 배러 댄 치크 #블랙스펙트럼,B02 베리 던,9900,#겨울쿨톤딥,딥한 베리 브라운 컬러,#보송 #블러링,한 번만 발라도 선명하게 발색돼요,양 조절을 못 하면 다소 진하게 착색될 수 있어요,실리카,,cheek_Rom_nd_B02_베리_던_1763391225101
Rom&nd,롬앤 배러 댄 치크 #블랙스펙트럼,B03 블랙 밤,9900,#겨울쿨톤딥,딥한 와인 컬러,#크리미 #촉촉,한 번만 발라도 선명하게 발색돼요,더운 날씨에는 무너짐이 빠를 수 있어요,실리카,,cheek_Rom_nd_B03_블랙_밤_1763391225102
디어달리아,리퀴드 블러쉬,베티,25000,#겨울쿨톤딥,딥한 버건디 레드 컬러,#리퀴드 #촉촉,한 번만 발라도 선명하게 발색돼요,더운 날씨에는 무너짐이 빠를 수 있어요,달리아꽃추출물,,cheek_디어달리아_베티_1763391225103
디어달리아,리퀴드 블러쉬,샤이,25000,#여름쿨톤뮤트,은은한 핑크 컬러,#리퀴드 #촉촉,과하지 않은 색상으로 데일리로 사용 좋아요,더운 날씨에는 무너짐이 빠를 수 있어요,달리아꽃추출물,,cheek_디어달리아_샤이_1763391225104
디어달리아,리퀴드 블러쉬,레이지,25000,#가을웜톤뮤트,은은한 코랄 컬러,#리퀴드 #촉촉,과하지 않은 색상으로 데일리로 사용 좋아요,더운 날씨에는 무너짐이 빠를 수 있어요,달리아꽃추출물,,cheek_디어달리아_레이지_1763391225105
디어달리아,리퀴드 블러쉬,베어리,25000,#봄웜톤라이트,맑은 피치 핑크 컬러,#리퀴드 #촉촉,자연스러운 혈색처럼 발색되어 화사해요,더운 날씨에는 무너짐이 빠를 수 있어요,달리아꽃추출물,,cheek_디어달리아_베어리_1763391225106
디어달리아,리퀴드 블러쉬,소프티,25000,#봄웜톤,은은한 핑크 컬러,#리퀴드 #촉촉,생기있게 연출되어 얼굴이 화사해 보여요,더운 날씨에는 무너짐이 빠를 수 있어요,달리아꽃추출물,,cheek_디어달리아_소프티_1763391225107
디어달리아,리퀴드 블러쉬,드리미,25000,#여름쿨톤,은은한 핑크 컬러,#리퀴드 #촉촉,붉은기 과하지 않아 자연스럽게 어울려요,더운 날씨에는 무너짐이 빠를 수 있어요,달리아꽃추출물,,cheek_디어달리아_드리미_1763391225108
디어달리아,리퀴드 블러쉬,무디,25000,#가을웜톤딥,딥한 브라운 로즈 컬러,#리퀴드 #촉촉,한 번만 발라도 선명하게 발색돼요,더운 날씨에는 무너짐이 빠를 수 있어요,달리아꽃추출물,,cheek_디어달리아_무디_1763391225109
디어달리아,리퀴드 블러쉬,글로리,25000,#가을웜톤,딥한 코랄 컬러,#리퀴드 #촉촉,한 번만 발라도 선명하게 발색돼요,더운 날씨에는 무너짐이 빠를 수 있어요,달리아꽃추출물,,cheek_디어달리아_글로리_1763391225110
디어달리아,리퀴드 블러쉬,딜라잇,25000,#여름쿨톤라이트,맑은 라일락 핑크 컬러,#리퀴드 #촉촉,자연스러운 혈색처럼 발색되어 화사해요,더운 날씨에는 무너짐이 빠를 수 있어요,달리아꽃추출물,,cheek_디어달리아_딜라잇_1763391225111
디어달리아,리퀴드 블러쉬,태피,25000,#봄웜톤,은은한 피치 컬러,#리퀴드 #촉촉,생기있게 연출되어 얼굴이 화사해 보여요,더운 날씨에는 무너짐이 빠를 수 있어요,달리아꽃추출물,,cheek_디어달리아_태피_1763391225113
디어달리아,리퀴드 블러쉬,웨이비,25000,#봄웜톤,딥한 코랄 컬러,#리퀴드 #촉촉,한 번만 발라도 선명하게 발색돼요,더운 날씨에는 무너짐이 빠를 수 있어요,달리아꽃추출물,,cheek_디어달리아_웨이비_1763391225114
디어달리아,리퀴드 블러쉬,브리지,25000,#봄웜톤,딥한 코랄 컬러,#리퀴드 #촉촉,한 번만 발라도 선명하게 발색돼요,더운 날씨에는 무너짐이 빠를 수 있어요,달리아꽃추출물,,cheek_디어달리아_브리지_1763391225115
디어달리아,리퀴드 블러쉬,퓨리티,25000,#여름쿨톤라이트,맑은 핑크 컬러,#리퀴드 #촉촉,자연스러운 혈색처럼 발색되어 화사해요,더운 날씨에는 무너짐이 빠를 수 있어요,달리아꽃추출물,,cheek_디어달리아_퓨리티_1763391225116
디어달리아,리퀴드 블러쉬,플레쉬,25000,#봄웜톤,은은한 핑크 컬러,#리퀴드 #촉촉,생기있게 연출되어 얼굴이 화사해 보여요,더운 날씨에는 무너짐이 빠를 수 있어요,달리아꽃추출물,,cheek_디어달리아_플레쉬_1763391225117
디어달리아,리퀴드 블러쉬,헤이지,25000,#여름쿨톤뮤트,은은한 퍼플 핑크 컬러,#리퀴드 #촉촉,과하지 않은 색상으로 데일리로 사용 좋아요,더운 날씨에는 무너짐이 빠를 수 있어요,달리아꽃추출물,,cheek_디어달리아_헤이지_1763391225118
딘토,블러피니쉬 올댓모먼츠 블러셔,503 스펑키 카프카,19000,#봄웜톤,은은한 코랄 컬러,#보송 #블러링,생기있게 연출되어 얼굴이 화사해 보여요,피부가 건조하면 살짝 들뜰 수 있어요,비타민E,,cheek_딘토_503_스펑키_카프카_1763391225119
딘토,블러피니쉬 올댓모먼츠 블러셔,505 블러쉬드 니체,19000,#가을웜톤뮤트,은은한 핑크 컬러,#보송 #블러링,과하지 않은 색상으로 데일리로 사용 좋아요,피부가 건조하면 살짝 들뜰 수 있어요,비타민E,,cheek_딘토_505_블러쉬드_니체_1763391225120
딘토,블러피니쉬 올댓모먼츠 블러셔,506 드리미 와일드,19000,#봄웜톤,은은한 핑크 컬러,#보송 #블러링,생기있게 연출되어 얼굴이 화사해 보여요,피부가 건조하면 살짝 들뜰 수 있어요,비타민E,,cheek_딘토_506_드리미_와일드_1763391225121
딘토,블러피니쉬 올댓모먼츠 블러셔,501 메리 오웰,19000,#봄웜톤,은은한 코랄 컬러,#보송 #블러링,생기있게 연출되어 얼굴이 화사해 보여요,피부가 건조하면 살짝 들뜰 수 있어요,비타민E,,cheek_딘토_501_메리_오웰_1763391225122
딘토,블러피니쉬 올댓모먼츠 블러셔,502 스윗 릴케,19000,#봄웜톤라이트,맑은 피치 컬러,#보송 #블러링,자연스러운 혈색처럼 발색되어 화사해요,피부톤에 따라 발색이 연하게 느껴질 수 있어요,비타민E,,cheek_딘토_502_스윗_릴케_1763391225123
딘토,블러피니쉬 올댓모먼츠 블러셔,504 무디 로르카,19000,#가을웜톤뮤트,은은한 코랄 컬러,#보송 #블러링,과하지 않은 색상으로 데일리로 사용 좋아요,피부가 건조하면 살짝 들뜰 수 있어요,비타민E,,cheek_딘토_504_무디_로르카_1763391225124
딘토,블러피니쉬 올댓모먼츠 블러셔,507 디어 살로메,19000,#가을웜톤뮤트,은은한 핑크 컬러,#보송 #블러링,과하지 않은 색상으로 데일리로 사용 좋아요,피부가 건조하면 살짝 들뜰 수 있어요,비타민E,,cheek_딘토_507_디어_살로메_1763391225125
딘토,블러피니쉬 올댓모먼츠 블러셔,508 리틀 올콧,19000,#봄웜톤라이트,맑은 코랄 컬러,#보송 #블러링,자연스러운 혈색처럼 발색되어 화사해요,피부톤에 따라 발색이 연하게 느껴질 수 있어요,비타민E,,cheek_딘토_508_리틀_올콧_1763391225126
딘토,블러피니쉬 올댓모먼츠 블러셔,509 네이키드 호손,19000,#가을웜톤뮤트,은은한 코랄 컬러,#보송 #블러링,과하지 않은 색상으로 데일리로 사용 좋아요,피부가 건조하면 살짝 들뜰 수 있어요,비타민E,,cheek_딘토_509_네이키드_호손_1763391225127
딘토,블러피니쉬 올댓모먼츠 블러셔,510 미스티 도데,19000,#여름쿨톤뮤트,은은한 핑크 컬러,#보송 #블러링,과하지 않은 색상으로 데일리로 사용 좋아요,피부가 건조하면 살짝 들뜰 수 있어요,비타민E,,cheek_딘토_510_미스티_도데_1763391225128
삐아,레디 투 웨어 다우니 치크,01 다우니핑크,9000,#봄웜톤라이트,맑은 핑크 컬러,#크리미 #촉촉,자연스러운 혈색처럼 발색되어 화사해요,더운 날씨에는 무너짐이 빠를 수 있어요,시어버터,,cheek_삐아_01_다우니핑크_1763391225129
삐아,레디 투 웨어 다우니 치크,02 다우니피치,9000,#봄웜톤라이트,맑은 피치 컬러,#크리미 #촉촉,자연스러운 혈색처럼 발색되어 화사해요,더운 날씨에는 무너짐이 빠를 수 있어요,시어버터,,cheek_삐아_02_다우니피치_1763391225130
삐아,레디 투 웨어 다우니 치크,03 다우니애프리콧,9000,#봄웜톤라이트,맑은 피치 컬러,#크리미 #촉촉,자연스러운 혈색처럼 발색되어 화사해요,더운 날씨에는 무너짐이 빠를 수 있어요,시어버터,,cheek_삐아_03_다우니애프리콧_1763391225131
삐아,레디 투 웨어 다우니 치크,04 다우니라벤더,9000,#여름쿨톤라이트,맑은 라일락 퍼플 컬러,#크리미 #촉촉,자연스러운 혈색처럼 발색되어 화사해요,더운 날씨에는 무너짐이 빠를 수 있어요,시어버터,,cheek_삐아_04_다우니라벤더_1763391225132
삐아,레디 투 웨어 다우니 치크,06 다우니피그,9000,#가을웜톤뮤트,은은한 핑크 컬러,#크리미 #촉촉,과하지 않은 색상으로 데일리로 사용 좋아요,더운 날씨에는 무너짐이 빠를 수 있어요,시어버터,,cheek_삐아_02_다우니피치_1763391225130
삐아,레디 투 웨어 다우니 치크,07 다우니엔젤,9000,#여름쿨톤라이트,맑은 핑크 컬러,#크리미 #촉촉,자연스러운 혈색처럼 발색되어 화사해요,더운 날씨에는 무너짐이 빠를 수 있어요,시어버터,,cheek_삐아_07_다우니엔젤_1763391225134
삐아,레디 투 웨어 다우니 치크,08 다우니로지,9000,#가을웜톤뮤트,은은한 로즈 컬러,#크리미 #촉촉,과하지 않은 색상으로 데일리로 사용 좋아요,더운 날씨에는 무너짐이 빠를 수 있어요,시어버터,,cheek_삐아_08_다우니로지_1763391225135
삐아,레디 투 웨어 다우니 치크,12 다우니블룸,9000,#봄웜톤,은은한 핑크 컬러,#크리미 #촉촉,생기있게 연출되어 얼굴이 화사해 보여요,더운 날씨에는 무너짐이 빠를 수 있어요,시어버터,,cheek_삐아_12_다우니블룸_1763391225136
삐아,레디 투 웨어 다우니 치크,05 다우니코랄,9000,#봄웜톤,은은한 코랄 컬러,#크리미 #촉촉,생기있게 연출되어 얼굴이 화사해 보여요,더운 날씨에는 무너짐이 빠를 수 있어요,시어버터,,cheek_삐아_05_다우니코랄_1763391225137
삐아,레디 투 웨어 다우니 치크,09 다우니타로,9000,#여름쿨톤뮤트,은은한 퍼플 핑크 컬러,#크리미 #촉촉,과하지 않은 색상으로 데일리로 사용 좋아요,더운 날씨에는 무너짐이 빠를 수 있어요,시어버터,,cheek_삐아_08_다우니로지_1763391225135
삐아,레디 투 웨어 다우니 치크,10 다우니초코,9000,#가을웜톤딥,딥한 브라운 컬러,#크리미 #촉촉,한 번만 발라도 선명하게 발색돼요,더운 날씨에는 무너짐이 빠를 수 있어요,시어버터,,cheek_삐아_05_다우니코랄_1763391225137
삐아,레디 투 웨어 다우니 치크,11 다우니페탈,9000,#봄웜톤,은은한 핑크 컬러,#크리미 #촉촉,생기있게 연출되어 얼굴이 화사해 보여요,더운 날씨에는 무너짐이 빠를 수 있어요,시어버터,,cheek_삐아_11_다우니페탈_1763391225140
어퓨,과즙팡 젤리 블러셔,네마음갖구아바,10000,#봄웜톤,은은한 코랄 컬러,#젤리 #촉촉,생기있게 연출되어 얼굴이 화사해 보여요,더운 날씨에는 무너짐이 빠를 수 있어요,구아바추출물,,cheek_어퓨_네마음갖구아바_1763391225141
어퓨,과즙팡 젤리 블러셔,무정한무화과,10000,#가을웜톤뮤트,은은한 핑크 컬러,#젤리 #촉촉,과하지 않은 색상으로 데일리로 사용 좋아요,더운 날씨에는 무너짐이 빠를 수 있어요,무화과추출물,,cheek_어퓨_무정한무화과_1763391225142
어퓨,과즙팡 젤리 블러셔,자꾸자두말리지마,10000,#여름쿨톤,은은한 퍼플 컬러,#젤리 #촉촉,붉은기 과하지 않아 자연스럽게 어울려요,더운 날씨에는 무너짐이 빠를 수 있어요,자두추출물,,cheek_어퓨_자꾸자두말리지마_1763391225143
어퓨,과즙팡 젤리 블러셔,싱숭생숭복숭아,10000,#봄웜톤라이트,맑은 피치 컬러,#젤리 #촉촉,자연스러운 혈색처럼 발색되어 화사해요,더운 날씨에는 무너짐이 빠를 수 있어요,복숭아추출물,,cheek_어퓨_싱숭생숭복숭아_1763391225144
어퓨,과즙팡 젤리 블러셔,외로워도슬포도,10000,#겨울쿨톤,은은한 퍼플 컬러,#젤리 #촉촉,붉은기 과하지 않아 자연스럽게 어울려요,더운 날씨에는 무너짐이 빠를 수 있어요,포도추출물,,cheek_어퓨_외로워도슬포도_1763391225145
어퓨,과즙팡 젤리 블러셔,이제그만사과해,10000,#가을웜톤딥,딥한 코랄 컬러,#젤리 #촉촉,한 번만 발라도 선명하게 발색돼요,더운 날씨에는 무너짐이 빠를 수 있어요,사과추출물,,cheek_어퓨_이제그만사과해_1763391225146
얼터너티브스테레오,바미 크림 치크,10호 피치 크림,15000,#봄웜톤라이트,맑은 피치 컬러,#크리미 #보송,자연스러운 혈색처럼 발색되어 화사해요,피부톤에 따라 발색이 연하게 느껴질 수 있어요,시어버터,,cheek_얼터너티브스테레오_10호_피치_크림_1763391225147
얼터너티브스테레오,바미 크림 치크,8호 스윗 라일락,15000,#여름쿨톤라이트,맑은 라일락 퍼플 컬러,#크리미 #보송,자연스러운 혈색처럼 발색되어 화사해요,피부톤에 따라 발색이 연하게 느껴질 수 있어요,시어버터,,cheek_얼터너티브스테레오_8호_스윗_라일락_1763391225148
얼터너티브스테레오,바미 크림 치크,1호 베이비 로즈,15000,#봄웜톤,은은한 핑크 컬러,#크리미 #보송,생기있게 연출되어 얼굴이 화사해 보여요,피부가 건조하면 살짝 들뜰 수 있어요,시어버터,,cheek_얼터너티브스테레오_10호_피치_크림_1763391225147
얼터너티브스테레오,바미 크림 치크,3호 밀키 피치,15000,#봄웜톤라이트,맑은 피치 컬러,#크리미 #보송,자연스러운 혈색처럼 발색되어 화사해요,피부톤에 따라 발색이 연하게 느껴질 수 있어요,시어버터,,cheek_얼터너티브스테레오_3호_밀키_피치_1763391225150
얼터너티브스테레오,바미 크림 치크,4호 로즈 베리,15000,#여름쿨톤뮤트,은은한 로즈 컬러,#크리미 #보송,과하지 않은 색상으로 데일리로 사용 좋아요,피부가 건조하면 살짝 들뜰 수 있어요,시어버터,,cheek_얼터너티브스테레오_4호_로즈_베리_1763391225151
얼터너티브스테레오,바미 크림 치크,5호 텐더 로즈,15000,#가을웜톤뮤트,은은한 로즈 컬러,#크리미 #보송,과하지 않은 색상으로 데일리로 사용 좋아요,피부가 건조하면 살짝 들뜰 수 있어요,시어버터,,cheek_얼터너티브스테레오_5호_텐더_로즈_1763391225152
얼터너티브스테레오,바미 크림 치크,6호 플럼 잼,15000,#겨울쿨톤딥,딥한 플럼 와인 컬러,#크리미 #보송,한 번만 발라도 선명하게 발색돼요,양 조절을 못 하면 다소 진하게 착색될 수 있어요,시어버터,,cheek_얼터너티브스테레오_6호_플럼_잼_1763391225153
얼터너티브스테레오,바미 크림 치크,7호 타로 라떼,15000,#여름쿨톤뮤트,은은한 퍼플 컬러,#크리미 #보송,과하지 않은 색상으로 데일리로 사용 좋아요,피부가 건조하면 살짝 들뜰 수 있어요,시어버터,,cheek_얼터너티브스테레오_7호_타로_라떼_1763391225156
에뛰드,하트 팝 블러셔,밀크 드리즐,13000,#봄웜톤라이트,맑은 베이지 핑크 컬러,#보송 #블러링,자연스러운 혈색처럼 발색되어 화사해요,피부톤에 따라 발색이 연하게 느껴질 수 있어요,우유단백질추출물,,cheek_에뛰드_스트로베리_모찌_1763391225157
에뛰드,하트 팝 블러셔,스트로베리 모찌,13000,#여름쿨톤라이트,딥한 베리 핑크 컬러,#보송 #블러링,자연스러운 혈색처럼 발색되어 화사해요,양 조절을 못 하면 다소 진하게 착색될 수 있어요,우유단백질추출물,,cheek_에뛰드_스트로베리_모찌_1763391225157
에뛰드,하트 팝 블러셔,러블리 프라페,13000,#봄웜톤,은은한 코랄 컬러,#보송 #블러링,생기있게 연출되어 얼굴이 화사해 보여요,피부가 건조하면 살짝 들뜰 수 있어요,우유단백질추출물,,cheek_에뛰드_러블리_프라페_1763391225158
에뛰드,하트 팝 블러셔,사우어 젤리,13000,#겨울쿨톤,딥한 핑크 컬러,#보송 #블러링,붉은기 과하지 않아 자연스럽게 어울려요,양 조절을 못 하면 다소 진하게 착색될 수 있어요,우유단백질추출물,,cheek_에뛰드_사우어_젤리_1763391225159
에뛰드,하트 팝 블러셔,쿨 펀치 에이드,13000,#겨울쿨톤,딥한 핑크 컬러,#보송 #블러링,붉은기 과하지 않아 자연스럽게 어울려요,양 조절을 못 하면 다소 진하게 착색될 수 있어요,우유단백질추출물,,cheek_에뛰드_쿨_펀치_에이드_1763391225160
에뛰드,하트 팝 블러셔,피치 스쿱,13000,#봄웜톤,은은한 피치 컬러,#보송 #블러링,생기있게 연출되어 얼굴이 화사해 보여요,피부가 건조하면 살짝 들뜰 수 있어요,우유단백질추출물,,cheek_에뛰드_피치_스쿱_1763391225161
에뛰드,하트 팝 블러셔,라벤더 스노우,13000,#여름쿨톤라이트,딥한 라일락 퍼플 컬러,#보송 #블러링,자연스러운 혈색처럼 발색되어 화사해요,양 조절을 못 하면 다소 진하게 착색될 수 있어요,우유단백질추출물,,cheek_에뛰드_라벤더_스노우_1763391225162
에뛰드,하트 팝 블러셔,쉘 위 댄스,13000,#가을웜톤뮤트,은은한 코랄 컬러,#보송 #블러링,과하지 않은 색상으로 데일리로 사용 좋아요,피부가 건조하면 살짝 들뜰 수 있어요,우유단백질추출물,,cheek_에뛰드_쉘_위_댄스_1763391225163
에이오유,촉촉 크림 블러셔,02 핑키볼,16800,#여름쿨톤,은은한 핑크 컬러,#크리미 #촉촉,붉은기 과하지 않아 자연스럽게 어울려요,더운 날씨에는 무너짐이 빠를 수 있어요,히알루론산,,cheek_에이오유_02_핑키볼_1763391225164
에이오유,촉촉 크림 블러셔,03 벚꽃볼,16800,#봄웜톤라이트,맑은 핑크 컬러,#크리미 #촉촉,자연스러운 혈색처럼 발색되어 화사해요,더운 날씨에는 무너짐이 빠를 수 있어요,히알루론산,,cheek_에이오유_03_벚꽃볼_1763391225165
에이오유,촉촉 크림 블러셔,04 모브콜,16800,#여름쿨톤뮤트,은은한 모브 핑크 컬러,#크리미 #촉촉,과하지 않은 색상으로 데일리로 사용 좋아요,더운 날씨에는 무너짐이 빠를 수 있어요,히알루론산,,cheek_에이오유_04_모브콜_1763391225166
에이오유,촉촉 크림 블러셔,05 로지볼,16800,#가을웜톤뮤트,은은한 로즈 컬러,#크리미 #촉촉,과하지 않은 색상으로 데일리로 사용 좋아요,더운 날씨에는 무너짐이 빠를 수 있어요,히알루론산,,cheek_에이오유_05_로지볼_1763391225167
에이오유,촉촉 크림 블러셔,06 감귤볼,16800,#봄웜톤,은은한 코랄 컬러,#크리미 #촉촉,생기있게 연출되어 얼굴이 화사해 보여요,더운 날씨에는 무너짐이 빠를 수 있어요,히알루론산,,cheek_에이오유_06_감귤볼_1763391225168
에이오유,촉촉 크림 블러셔,07 펌킨볼,16800,#가을웜톤,은은한 오렌지 컬러,#크리미 #촉촉,생기있게 연출되어 얼굴이 화사해 보여요,더운 날씨에는 무너짐이 빠를 수 있어요,히알루론산,,cheek_에이오유_07_펌킨볼_1763391225169
에이오유,촉촉 크림 블러셔,08 써니볼,16800,#봄웜톤,딥한 오렌지 컬러,#크리미 #촉촉,한 번만 발라도 선명하게 발색돼요,더운 날씨에는 무너짐이 빠를 수 있어요,히알루론산,,cheek_에이오유_08_써니볼_1763391225170
에이오유,촉촉 크림 블러셔,01 츄르볼,16800,#봄웜톤,딥한 코랄 컬러,#크리미 #촉촉,한 번만 발라도 선명하게 발색돼요,더운 날씨에는 무너짐이 빠를 수 있어요,히알루론산,,cheek_에이오유_01_츄르볼_1763391225171
웨이크메이크,쉬어 브리즈 블러셔,06 베이지 로즈,14000,#가을웜톤뮤트,은은한 로즈 컬러,#보송 #실키,과하지 않은 색상으로 데일리로 사용 좋아요,피부가 건조하면 살짝 들뜰 수 있어요,실리카,,cheek_웨이크메이크_06_베이지_로즈_1763391225172
웨이크메이크,쉬어 브리즈 블러셔,07 베일리,14000,#가을웜톤뮤트,은은한 핑크 컬러,#보송 #실키,과하지 않은 색상으로 데일리로 사용 좋아요,피부가 건조하면 살짝 들뜰 수 있어요,실리카,,cheek_웨이크메이크_07_베일리_1763391225173
웨이크메이크,쉬어 브리즈 블러셔,01 밀키 애프리콧,14000,#봄웜톤라이트,맑은 피치 컬러,#보송 #실키,자연스러운 혈색처럼 발색되어 화사해요,피부톤에 따라 발색이 연하게 느껴질 수 있어요,실리카,,cheek_웨이크메이크_01_밀키_애프리콧_1763391225174
웨이크메이크,쉬어 브리즈 블러셔,02 살몬 코랄,14000,#봄웜톤,은은한 코랄 컬러,#보송 #실키,생기있게 연출되어 얼굴이 화사해 보여요,피부가 건조하면 살짝 들뜰 수 있어요,실리카,,cheek_웨이크메이크_02_살몬_코랄_1763391225175
웨이크메이크,쉬어 브리즈 블러셔,03 베이지 핑크,14000,#봄웜톤뮤트,은은한 핑크 컬러,#보송 #실키,과하지 않은 색상으로 데일리로 사용 좋아요,피부가 건조하면 살짝 들뜰 수 있어요,실리카,,cheek_웨이크메이크_03_베이지_핑크_1763391225176
웨이크메이크,쉬어 브리즈 블러셔,04 베리쉬,14000,#여름쿨톤뮤트,은은한 핑크 컬러,#보송 #실키,과하지 않은 색상으로 데일리로 사용 좋아요,피부가 건조하면 살짝 들뜰 수 있어요,실리카,,cheek_웨이크메이크_04_베리쉬_1763391225177
웨이크메이크,쉬어 브리즈 블러셔,05 모브 라일락,14000,#여름쿨톤뮤트,은은한 라일락 퍼플 컬러,#보송 #실키,과하지 않은 색상으로 데일리로 사용 좋아요,피부가 건조하면 살짝 들뜰 수 있어요,실리카,,cheek_웨이크메이크_05_모브_라일락_1763391225178
컬러그램,틴토리 솜 블러셔,01 말랑살구,7900,#봄웜톤라이트,맑은 피치 컬러,#보송 #블러링,자연스러운 혈색처럼 발색되어 화사해요,피부톤에 따라 발색이 연하게 느껴질 수 있어요,비타민E,,cheek_컬러그램_01_말랑살구_1763391225179
컬러그램,틴토리 솜 블러셔,02 도란도화,7900,#봄웜톤라이트,맑은 복숭아 핑크 컬러,#보송 #블러링,자연스러운 혈색처럼 발색되어 화사해요,피부톤에 따라 발색이 연하게 느껴질 수 있어요,비타민E,,cheek_컬러그램_02_도란도화_1763391225180
컬러그램,틴토리 솜 블러셔,03 썸탠저린,7900,#봄웜톤,생기 코랄 컬러,#보송 #블러링,생기있게 연출되어 얼굴이 화사해 보여요,피부가 건조하면 살짝 들뜰 수 있어요,비타민E,,cheek_컬러그램_03_썸탠저린_1763391225181
컬러그램,틴토리 솜 블러셔,04 베리베일,7900,#여름쿨톤뮤트,은은한 베리 핑크 컬러,#보송 #블러링,과하지 않은 색상으로 데일리로 사용 좋아요,피부가 건조하면 살짝 들뜰 수 있어요,비타민E,,cheek_컬러그램_04_베리베일_1763391225182
컬러그램,틴토리 솜 블러셔,05 홍시그널,7900,#봄웜톤,생기 코랄 컬러,#보송 #블러링,생기있게 연출되어 얼굴이 화사해 보여요,피부가 건조하면 살짝 들뜰 수 있어요,비타민E,,cheek_컬러그램_05_홍시그널_1763391225183
컬러그램,틴토리 솜 블러셔,06 무화카롱,7900,#가을웜톤뮤트,은은한 모브 핑크 컬러,#보송 #블러링,과하지 않은 색상으로 데일리로 사용 좋아요,피부가 건조하면 살짝 들뜰 수 있어요,비타민E,,cheek_컬러그램_06_무화카롱_1763391225184
컬러그램,틴토리 솜 블러셔,07 꼬숩땅콩,7900,#가을웜톤뮤트,은은한 브라운 베이지 컬러,#보송 #블러링,과하지 않은 색상으로 데일리로 사용 좋아요,피부가 건조하면 살짝 들뜰 수 있어요,비타민E,,cheek_컬러그램_07_꼬숩땅콩_1763391225185
컬러그램,틴토리 솜 블러셔,08 앙쿨모브,7900,#여름쿨톤뮤트,은은한 모브 컬러,#보송 #블러링,과하지 않은 색상으로 데일리로 사용 좋아요,피부가 건조하면 살짝 들뜰 수 있어요,비타민E,,cheek_컬러그램_08_앙쿨모브_1763391225186
크리니크,치크 팝,21 발레리나 팝,36000,#여름쿨톤라이트,맑은 핑크 컬러,#보송 #실키,자연스러운 혈색처럼 발색되어 화사해요,피부톤에 따라 발색이 연하게 느껴질 수 있어요,비타민E,,cheek_크리니크_21_발레리나_팝_1763391225187
크리니크,치크 팝,08 멜론 팝,36000,#봄웜톤,은은한 코랄 컬러,#보송 #실키,생기있게 연출되어 얼굴이 화사해 보여요,피부가 건조하면 살짝 들뜰 수 있어요,비타민E,,cheek_크리니크_08_멜론_팝_1763391225188
크리니크,치크 팝,01 진저 팝,36000,#가을웜톤,은은한 코랄 컬러,#보송 #실키,생기있게 연출되어 얼굴이 화사해 보여요,피부가 건조하면 살짝 들뜰 수 있어요,비타민E,,cheek_크리니크_01_진저_팝_1763391225189
크리니크,치크 팝,02 피치 팝,36000,#봄웜톤,은은한 피치 컬러,#보송 #실키,생기있게 연출되어 얼굴이 화사해 보여요,피부가 건조하면 살짝 들뜰 수 있어요,비타민E,,cheek_크리니크_02_피치_팝_1763391225190
크리니크,치크 팝,10 피그 팝,36000,#여름쿨톤뮤트,은은한 모브 핑크 컬러,#보송 #실키,과하지 않은 색상으로 데일리로 사용 좋아요,피부가 건조하면 살짝 들뜰 수 있어요,비타민E,,cheek_크리니크_10_피그_팝_1763391225191
크리니크,치크 팝,14 헤더 팝,36000,#여름쿨톤뮤트,은은한 모브 핑크 컬러,#보송 #실키,과하지 않은 색상으로 데일리로 사용 좋아요,피부가 건조하면 살짝 들뜰 수 있어요,비타민E,,cheek_크리니크_14_헤더_팝_1763391225192
크리니크,치크 팝,15 팬지 팝,36000,#여름쿨톤라이트,맑은 라일락 퍼플 컬러,#보송 #실키,자연스러운 혈색처럼 발색되어 화사해요,피부톤에 따라 발색이 연하게 느껴질 수 있어요,비타민E,,cheek_크리니크_15_팬지_팝_1763391225193
크리니크,치크 팝,17 블랙허니 팝,36000,#가을웜톤딥,딥한 와인 브라운 컬러,#보송 #실키,한 번만 발라도 선명하게 발색돼요,양 조절을 못 하면 다소 진하게 착색될 수 있어요,비타민E,,cheek_크리니크_17_블랙허니_팝_1763391225194
크리니크,치크 팝,18 핑크허니 팝,36000,#봄웜톤,은은한 핑크 컬러,#보송 #실키,생기있게 연출되어 얼굴이 화사해 보여요,피부가 건조하면 살짝 들뜰 수 있어요,비타민E,,cheek_크리니크_18_핑크허니_팝_1763391225195
크리니크,치크 팝,19 블러쉬 팝,36000,#봄웜톤,은은한 코랄 핑크 컬러,#보송 #실키,생기있게 연출되어 얼굴이 화사해 보여요,피부가 건조하면 살짝 들뜰 수 있어요,비타민E,,cheek_크리니크_19_블러쉬_팝_1763391225196
크리니크,치크 팝,20 소르베 팝,36000,#봄웜톤,은은한 오렌지 컬러,#보송 #실키,생기있게 연출되어 얼굴이 화사해 보여요,피부가 건조하면 살짝 들뜰 수 있어요,비타민E,,cheek_크리니크_20_소르베_팝_1763391225197
크리니크,치크 팝,05 누드 팝,36000,#가을웜톤뮤트,은은한 누디 베이지 컬러,#보송 #실키,과하지 않은 색상으로 데일리로 사용 좋아요,피부가 건조하면 살짝 들뜰 수 있어요,비타민E,,cheek_크리니크_누드팝_기획_1763391225198
