brand,product_name,category,shade_name,price,finish,image_url,swatch_url,lab_L,lab_a,lab_b
투크,새틴 도화밤,eye,12 소프티,"15,000원",새틴,https://image.oliveyoung.co.kr/cfimages/cf-goods/uploads/images/options/item/2025/8/4023498358675621807.jpg,https://image.oliveyoung.co.kr/cfimages/cf-goods/uploads/images/options/item/2025/8/4023498358675621807.jpg,205.37,142.22,134.37
투크,새틴 도화밤,eye,13 이노센트,"15,000원",새틴,https://image.oliveyoung.co.kr/cfimages/cf-goods/uploads/images/options/item/2025/8/4477237394041781113.jpg,https://image.oliveyoung.co.kr/cfimages/cf-goods/uploads/images/options/item/2025/8/4477237394041781113.jpg,205.26,140.28,125.6
투크,새틴 도화밤,eye,07 메모러블,"15,000원",새틴,https://image.oliveyoung.co.kr/cfimages/cf-goods/uploads/images/options/item/2025/5/3281115536525000214.jpg,https://image.oliveyoung.co.kr/cfimages/cf-goods/uploads/images/options/item/2025/5/3281115536525000214.jpg,211.17,137.96,126.39
투크,새틴 도화밤,eye,01 스트로베리,"15,000원",새틴,https://image.oliveyoung.co.kr/cfimages/cf-goods/uploads/images/options/item/2025/5/4536067353532831449.jpg,https://image.oliveyoung.co.kr/cfimages/cf-goods/uploads/images/options/item/2025/5/4536067353532831449.jpg,173.77,156.06,135.21
투크,새틴 도화밤,eye,02 복숭아,"15,000원",새틴,https://image.oliveyoung.co.kr/cfimages/cf-goods/uploads/images/options/item/2025/5/3810258374408144507.jpg,https://image.oliveyoung.co.kr/cfimages/cf-goods/uploads/images/options/item/2025/5/3810258374408144507.jpg,198.29,144.02,131.17
투크,새틴 도화밤,eye,03 벚꽃,"15,000원",새틴,https://image.oliveyoung.co.kr/cfimages/cf-goods/uploads/images/options/item/2025/5/6483325022697442634.jpg,https://image.oliveyoung.co.kr/cfimages/cf-goods/uploads/images/options/item/2025/5/6483325022697442634.jpg,203.67,140.48,128.33
투크,새틴 도화밤,eye,04 실루엣,"15,000원",새틴,https://image.oliveyoung.co.kr/cfimages/cf-goods/uploads/images/options/item/2025/5/3767569278309228025.jpg,https://image.oliveyoung.co.kr/cfimages/cf-goods/uploads/images/options/item/2025/5/3767569278309228025.jpg,195.19,144.0,126.62
투크,새틴 도화밤,eye,05 타로밀크,"15,000원",새틴,https://image.oliveyoung.co.kr/cfimages/cf-goods/uploads/images/options/item/2025/5/6616463937028046585.jpg,https://image.oliveyoung.co.kr/cfimages/cf-goods/uploads/images/options/item/2025/5/6616463937028046585.jpg,202.7,136.8,126.7
투크,새틴 도화밤,eye,06 로즈니,"15,000원",새틴,https://image.oliveyoung.co.kr/cfimages/cf-goods/uploads/images/options/item/2025/5/3197607608833392878.jpg,https://image.oliveyoung.co.kr/cfimages/cf-goods/uploads/images/options/item/2025/5/3197607608833392878.jpg,195.22,143.17,132.49
투크,새틴 도화밤,eye,08 투투,"15,000원",새틴,https://image.oliveyoung.co.kr/cfimages/cf-goods/uploads/images/options/item/2025/5/4015707106838897384.jpg,https://image.oliveyoung.co.kr/cfimages/cf-goods/uploads/images/options/item/2025/5/4015707106838897384.jpg,199.38,142.0,130.51
투크,새틴 도화밤,eye,09 모먼트 살몬,"15,000원",새틴,https://image.oliveyoung.co.kr/cfimages/cf-goods/uploads/images/options/item/2025/5/2705099083224077201.jpg,https://image.oliveyoung.co.kr/cfimages/cf-goods/uploads/images/options/item/2025/5/2705099083224077201.jpg,196.83,140.53,134.02
투크,새틴 도화밤,eye,10 피크,"15,000원",새틴,https://image.oliveyoung.co.kr/cfimages/cf-goods/uploads/images/options/item/2025/7/8564852918265855976.jpg,https://image.oliveyoung.co.kr/cfimages/cf-goods/uploads/images/options/item/2025/7/8564852918265855976.jpg,184.34,149.89,132.08
투크,새틴 도화밤,eye,11 데이즈,"15,000원",새틴,https://image.oliveyoung.co.kr/cfimages/cf-goods/uploads/images/options/item/2025/7/4841452632133558016.jpg,https://image.oliveyoung.co.kr/cfimages/cf-goods/uploads/images/options/item/2025/7/4841452632133558016.jpg,188.4,144.46,136.88
홀리카홀리카,마이페이브 피스 아이섀도우,eye,시나몬 스파이스,"4,800원",매트,https://image.oliveyoung.co.kr/cfimages/cf-goods/uploads/images/options/item/2025/8/4279023525351780168.jpg,https://image.oliveyoung.co.kr/cfimages/cf-goods/uploads/images/options/item/2025/8/4279023525351780168.jpg,137.79,148.19,143.37
홀리카홀리카,마이페이브 피스 아이섀도우,eye,오버 더 피치,"4,800원",매트,https://image.oliveyoung.co.kr/cfimages/cf-goods/uploads/images/options/item/2025/8/1021835892148074415.jpg,https://image.oliveyoung.co.kr/cfimages/cf-goods/uploads/images/options/item/2025/8/1021835892148074415.jpg,190.44,159.47,143.81
홀리카홀리카,마이페이브 피스 아이섀도우,eye,모브 시즈닝,"4,800원",매트,https://image.oliveyoung.co.kr/cfimages/cf-goods/uploads/images/options/item/2025/8/3172492504213177996.jpg,https://image.oliveyoung.co.kr/cfimages/cf-goods/uploads/images/options/item/2025/8/3172492504213177996.jpg,125.27,150.21,131.22
홀리카홀리카,마이페이브 피스 아이섀도우,eye,오버 더 핑크,"4,800원",매트,https://image.oliveyoung.co.kr/cfimages/cf-goods/uploads/images/options/item/2025/8/9073855144010479062.jpg,https://image.oliveyoung.co.kr/cfimages/cf-goods/uploads/images/options/item/2025/8/9073855144010479062.jpg,188.18,160.2,128.39
홀리카홀리카,마이페이브 피스 아이섀도우,eye,수티 위스테리아,"4,800원",매트,https://image.oliveyoung.co.kr/cfimages/cf-goods/uploads/images/options/item/2025/8/5791319082865740219.jpg,https://image.oliveyoung.co.kr/cfimages/cf-goods/uploads/images/options/item/2025/8/5791319082865740219.jpg,130.02,146.09,134.6
홀리카홀리카,마이페이브 피스 아이섀도우,eye,돌체 피치,"4,800원",매트,https://image.oliveyoung.co.kr/cfimages/cf-goods/uploads/images/options/item/2025/5/2969822680077264757.jpg,https://image.oliveyoung.co.kr/cfimages/cf-goods/uploads/images/options/item/2025/5/2969822680077264757.jpg,173.8,150.61,144.88
홀리카홀리카,마이페이브 피스 아이섀도우,eye,환타스틱,"6,400원",매트,https://image.oliveyoung.co.kr/cfimages/cf-goods/uploads/images/options/item/2025/5/8850218180535044178.jpg,https://image.oliveyoung.co.kr/cfimages/cf-goods/uploads/images/options/item/2025/5/8850218180535044178.jpg,191.86,144.94,138.97
홀리카홀리카,마이페이브 피스 아이섀도우,eye,얼리 샤인,"4,800원",매트,https://image.oliveyoung.co.kr/cfimages/cf-goods/uploads/images/options/item/2025/5/4389460665715767106.jpg,https://image.oliveyoung.co.kr/cfimages/cf-goods/uploads/images/options/item/2025/5/4389460665715767106.jpg,224.82,132.17,130.57
홀리카홀리카,마이페이브 피스 아이섀도우,eye,슈가 클라우드,"4,800원",매트,https://image.oliveyoung.co.kr/cfimages/cf-goods/uploads/images/options/item/2025/5/7047100269408951125.jpg,https://image.oliveyoung.co.kr/cfimages/cf-goods/uploads/images/options/item/2025/5/7047100269408951125.jpg,192.6,153.46,141.01
홀리카홀리카,마이페이브 피스 아이섀도우,eye,쥬시 모닝,"4,800원",매트,https://image.oliveyoung.co.kr/cfimages/cf-goods/uploads/images/options/item/2025/5/8226015683050901979.jpg,https://image.oliveyoung.co.kr/cfimages/cf-goods/uploads/images/options/item/2025/5/8226015683050901979.jpg,182.86,153.64,153.05
홀리카홀리카,마이페이브 피스 아이섀도우,eye,레이지 듀,"4,800원",매트,https://image.oliveyoung.co.kr/cfimages/cf-goods/uploads/images/options/item/2025/5/4633507646053280320.jpg,https://image.oliveyoung.co.kr/cfimages/cf-goods/uploads/images/options/item/2025/5/4633507646053280320.jpg,152.51,152.42,143.68
홀리카홀리카,마이페이브 피스 아이섀도우,eye,블러쉬 데이즈,"4,800원",매트,https://image.oliveyoung.co.kr/cfimages/cf-goods/uploads/images/options/item/2025/5/8044918145466609837.jpg,https://image.oliveyoung.co.kr/cfimages/cf-goods/uploads/images/options/item/2025/5/8044918145466609837.jpg,164.53,167.03,144.07
홀리카홀리카,마이페이브 피스 아이섀도우,eye,피치 멜바,"4,800원",매트,https://image.oliveyoung.co.kr/cfimages/cf-goods/uploads/images/options/item/2025/2/7586985539120307882.jpg,https://image.oliveyoung.co.kr/cfimages/cf-goods/uploads/images/options/item/2025/2/7586985539120307882.jpg,196.39,157.59,148.59
홀리카홀리카,마이페이브 피스 아이섀도우,eye,핑카부,"4,800원",매트,https://image.oliveyoung.co.kr/cfimages/cf-goods/uploads/images/options/item/2025/2/488075189714660042.jpg,https://image.oliveyoung.co.kr/cfimages/cf-goods/uploads/images/options/item/2025/2/488075189714660042.jpg,195.75,163.62,129.39
홀리카홀리카,마이페이브 피스 아이섀도우,eye,슬리피 버니,"4,800원",매트,https://image.oliveyoung.co.kr/cfimages/cf-goods/uploads/images/options/item/2025/2/8083495475264263226.jpg,https://image.oliveyoung.co.kr/cfimages/cf-goods/uploads/images/options/item/2025/2/8083495475264263226.jpg,191.1,160.74,126.35
홀리카홀리카,마이페이브 피스 아이섀도우,eye,츄,"4,800원",매트,https://image.oliveyoung.co.kr/cfimages/cf-goods/uploads/images/options/item/2024/3/4842759653875931351.jpg,https://image.oliveyoung.co.kr/cfimages/cf-goods/uploads/images/options/item/2024/3/4842759653875931351.jpg,185.82,165.66,133.28
홀리카홀리카,마이페이브 피스 아이섀도우,eye,베리휘그,"4,800원",매트,https://image.oliveyoung.co.kr/cfimages/cf-goods/uploads/images/options/item/2024/3/1893118714082680046.jpg,https://image.oliveyoung.co.kr/cfimages/cf-goods/uploads/images/options/item/2024/3/1893118714082680046.jpg,185.12,157.12,135.86
홀리카홀리카,마이페이브 피스 아이섀도우,eye,허니드피치,"4,800원",매트,https://image.oliveyoung.co.kr/cfimages/cf-goods/uploads/images/options/item/2024/8/8603629893635781864.jpg,https://image.oliveyoung.co.kr/cfimages/cf-goods/uploads/images/options/item/2024/8/8603629893635781864.jpg,179.98,154.52,144.21
홀리카홀리카,마이페이브 피스 아이섀도우,eye,오뜨휘그,"4,800원",매트,https://image.oliveyoung.co.kr/cfimages/cf-goods/uploads/images/options/item/2024/8/3033595186854602231.jpg,https://image.oliveyoung.co.kr/cfimages/cf-goods/uploads/images/options/item/2024/8/3033595186854602231.jpg,174.46,150.6,141.65
홀리카홀리카,마이페이브 피스 아이섀도우,eye,피치포지,"4,800원",매트,https://image.oliveyoung.co.kr/cfimages/cf-goods/uploads/images/options/item/2024/11/38469833084341108.jpg,https://image.oliveyoung.co.kr/cfimages/cf-goods/uploads/images/options/item/2024/11/38469833084341108.jpg,190.27,162.15,142.4
홀리카홀리카,마이페이브 피스 아이섀도우,eye,피치우롱티,"4,800원",매트,https://image.oliveyoung.co.kr/cfimages/cf-goods/uploads/images/options/item/2024/11/1245858624715988037.jpg,https://image.oliveyoung.co.kr/cfimages/cf-goods/uploads/images/options/item/2024/11/1245858624715988037.jpg,179.64,161.23,147.83
홀리카홀리카,마이페이브 피스 아이섀도우,eye,타로튜튜,"4,800원",매트,https://image.oliveyoung.co.kr/cfimages/cf-goods/uploads/images/options/item/2025/2/7571265706118112923.jpg,https://image.oliveyoung.co.kr/cfimages/cf-goods/uploads/images/options/item/2025/2/7571265706118112923.jpg,183.95,160.67,129.08
홀리카홀리카,마이페이브 피스 아이섀도우,eye,퍼플릿,"4,800원",매트,https://image.oliveyoung.co.kr/cfimages/cf-goods/uploads/images/options/item/2025/2/3599672312725302800.jpg,https://image.oliveyoung.co.kr/cfimages/cf-goods/uploads/images/options/item/2025/2/3599672312725302800.jpg,164.11,162.74,124.23
홀리카홀리카,마이페이브 피스 아이섀도우,eye,베베,"4,800원",매트,https://image.oliveyoung.co.kr/cfimages/cf-goods/uploads/images/options/item/2022/10/7595875110706830699.jpg,https://image.oliveyoung.co.kr/cfimages/cf-goods/uploads/images/options/item/2022/10/7595875110706830699.jpg,155.17,155.36,154.72
홀리카홀리카,마이페이브 피스 아이섀도우,eye,러비,"4,800원",매트,https://image.oliveyoung.co.kr/cfimages/cf-goods/uploads/images/options/item/2022/10/2683989542581271717.jpg,https://image.oliveyoung.co.kr/cfimages/cf-goods/uploads/images/options/item/2022/10/2683989542581271717.jpg,170.02,158.56,133.52
홀리카홀리카,마이페이브 피스 아이섀도우,eye,베리,"4,800원",매트,https://image.oliveyoung.co.kr/cfimages/cf-goods/uploads/images/options/item/2024/3/6913799521708158628.jpg,https://image.oliveyoung.co.kr/cfimages/cf-goods/uploads/images/options/item/2024/3/6913799521708158628.jpg,157.09,153.51,136.65
홀리카홀리카,마이페이브 피스 아이섀도우,eye,핑키드,"4,800원",매트,https://image.oliveyoung.co.kr/cfimages/cf-goods/uploads/images/options/item/2022/10/4190460261095692517.jpg,https://image.oliveyoung.co.kr/cfimages/cf-goods/uploads/images/options/item/2022/10/4190460261095692517.jpg,192.73,151.07,134.47
홀리카홀리카,마이페이브 피스 아이섀도우,eye,스트로베리 크림,"4,800원",매트,https://image.oliveyoung.co.kr/cfimages/cf-goods/uploads/images/options/item/2022/10/5365322856363926136.jpg,https://image.oliveyoung.co.kr/cfimages/cf-goods/uploads/images/options/item/2022/10/5365322856363926136.jpg,192.53,152.62,144.82
홀리카홀리카,마이페이브 피스 아이섀도우,eye,피치오트,"4,800원",매트,https://image.oliveyoung.co.kr/cfimages/cf-goods/uploads/images/options/item/2024/11/4416207029112802362.jpg,https://image.oliveyoung.co.kr/cfimages/cf-goods/uploads/images/options/item/2024/11/4416207029112802362.jpg,200.35,154.47,142.83
홀리카홀리카,마이페이브 피스 아이섀도우,eye,소다,"4,800원",매트,https://image.oliveyoung.co.kr/cfimages/cf-goods/uploads/images/options/item/2022/10/4993869830709543013.jpg,https://image.oliveyoung.co.kr/cfimages/cf-goods/uploads/images/options/item/2022/10/4993869830709543013.jpg,198.3,150.78,149.54
홀리카홀리카,마이페이브 피스 아이섀도우,eye,베이비 타로,"4,800원",매트,https://image.oliveyoung.co.kr/cfimages/cf-goods/uploads/images/options/item/2025/2/731148866418714376.jpg,https://image.oliveyoung.co.kr/cfimages/cf-goods/uploads/images/options/item/2025/2/731148866418714376.jpg,189.11,148.67,134.06
홀리카홀리카,마이페이브 피스 아이섀도우,eye,팬지,"4,800원",매트,https://image.oliveyoung.co.kr/cfimages/cf-goods/uploads/images/options/item/2022/10/3611906084377998111.jpg,https://image.oliveyoung.co.kr/cfimages/cf-goods/uploads/images/options/item/2022/10/3611906084377998111.jpg,172.33,156.07,129.43
홀리카홀리카,마이페이브 피스 아이섀도우,eye,수퍼핑크,"4,800원",매트,https://image.oliveyoung.co.kr/cfimages/cf-goods/uploads/images/options/item/2024/3/5414804558742808061.jpg,https://image.oliveyoung.co.kr/cfimages/cf-goods/uploads/images/options/item/2024/3/5414804558742808061.jpg,187.52,156.43,132.72
홀리카홀리카,마이페이브 피스 아이섀도우,eye,스트로베리 오트,"4,800원",매트,https://image.oliveyoung.co.kr/cfimages/cf-goods/uploads/images/options/item/2024/3/5418079650999048203.jpg,https://image.oliveyoung.co.kr/cfimages/cf-goods/uploads/images/options/item/2024/3/5418079650999048203.jpg,194.09,150.42,136.14
홀리카홀리카,마이페이브 피스 아이섀도우,eye,수퍼피치,"4,800원",매트,https://image.oliveyoung.co.kr/cfimages/cf-goods/uploads/images/options/item/2024/11/572532640848781041.jpg,https://image.oliveyoung.co.kr/cfimages/cf-goods/uploads/images/options/item/2024/11/572532640848781041.jpg,184.78,159.55,153.55
홀리카홀리카,마이페이브 피스 아이섀도우,eye,버니,"4,800원",매트,https://image.oliveyoung.co.kr/cfimages/cf-goods/uploads/images/options/item/2022/10/8130318014227043146.jpg,https://image.oliveyoung.co.kr/cfimages/cf-goods/uploads/images/options/item/2022/10/8130318014227043146.jpg,183.09,146.45,151.25
홀리카홀리카,마이페이브 피스 아이섀도우,eye,이너프,"4,800원",매트,https://image.oliveyoung.co.kr/cfimages/cf-goods/uploads/images/options/item/2025/2/7839058131540627954.jpg,https://image.oliveyoung.co.kr/cfimages/cf-goods/uploads/images/options/item/2025/2/7839058131540627954.jpg,192.9,143.8,140.42
홀리카홀리카,마이페이브 피스 아이섀도우,eye,그레이프 오트,"4,800원",매트,https://image.oliveyoung.co.kr/cfimages/cf-goods/uploads/images/options/item/2025/2/7039323410252166828.jpg,https://image.oliveyoung.co.kr/cfimages/cf-goods/uploads/images/options/item/2025/2/7039323410252166828.jpg,183.83,145.83,136.35
홀리카홀리카,마이페이브 피스 아이섀도우,eye,멜로즈,"4,800원",매트,https://image.oliveyoung.co.kr/cfimages/cf-goods/uploads/images/options/item/2022/10/6121429542077324177.jpg,https://image.oliveyoung.co.kr/cfimages/cf-goods/uploads/images/options/item/2022/10/6121429542077324177.jpg,158.56,148.48,144.81
홀리카홀리카,마이페이브 피스 아이섀도우,eye,위스테리아,"4,800원",매트,https://image.oliveyoung.co.kr/cfimages/cf-goods/uploads/images/options/item/2022/10/7098422010728255218.jpg,https://image.oliveyoung.co.kr/cfimages/cf-goods/uploads/images/options/item/2022/10/7098422010728255218.jpg,169.3,146.46,133.61
홀리카홀리카,마이페이브 피스 아이섀도우,eye,폴인,"4,800원",매트,https://image.oliveyoung.co.kr/cfimages/cf-goods/uploads/images/options/item/2023/3/7446270748869821098.jpg,https://image.oliveyoung.co.kr/cfimages/cf-goods/uploads/images/options/item/2023/3/7446270748869821098.jpg,161.96,143.18,143.06
홀리카홀리카,마이페이브 피스 아이섀도우,eye,블러쉬그레이,"4,800원",매트,https://image.oliveyoung.co.kr/cfimages/cf-goods/uploads/images/options/item/2024/3/3115672253386424447.jpg,https://image.oliveyoung.co.kr/cfimages/cf-goods/uploads/images/options/item/2024/3/3115672253386424447.jpg,153.26,138.67,133.0
홀리카홀리카,마이페이브 피스 아이섀도우,eye,아로마에스프레소,"4,800원",매트,https://image.oliveyoung.co.kr/cfimages/cf-goods/uploads/images/options/item/2024/3/9205777423111017952.jpg,https://image.oliveyoung.co.kr/cfimages/cf-goods/uploads/images/options/item/2024/3/9205777423111017952.jpg,47.26,144.51,132.84
홀리카홀리카,마이페이브 피스 아이섀도우,eye,펄리,"6,400원",매트,https://image.oliveyoung.co.kr/cfimages/cf-goods/uploads/images/options/item/2025/2/3503748487318247106.jpg,https://image.oliveyoung.co.kr/cfimages/cf-goods/uploads/images/options/item/2025/2/3503748487318247106.jpg,201.42,144.41,127.58
홀리카홀리카,마이페이브 피스 아이섀도우,eye,드리미 듀,"6,400원",매트,https://image.oliveyoung.co.kr/cfimages/cf-goods/uploads/images/options/item/2025/2/2806674636102319936.jpg,https://image.oliveyoung.co.kr/cfimages/cf-goods/uploads/images/options/item/2025/2/2806674636102319936.jpg,199.9,144.88,129.86
홀리카홀리카,마이페이브 피스 아이섀도우,eye,핑크어텐션,"6,400원",매트,https://image.oliveyoung.co.kr/cfimages/cf-goods/uploads/images/options/item/2025/2/4510253094879508038.jpg,https://image.oliveyoung.co.kr/cfimages/cf-goods/uploads/images/options/item/2025/2/4510253094879508038.jpg,175.55,151.53,132.23
홀리카홀리카,마이페이브 피스 아이섀도우,eye,치키구아바,"6,400원",매트,https://image.oliveyoung.co.kr/cfimages/cf-goods/uploads/images/options/item/2025/2/6323163286693348825.jpg,https://image.oliveyoung.co.kr/cfimages/cf-goods/uploads/images/options/item/2025/2/6323163286693348825.jpg,180.73,156.82,139.56
홀리카홀리카,마이페이브 피스 아이섀도우,eye,하이퍼핑크,"6,400원",매트,https://image.oliveyoung.co.kr/cfimages/cf-goods/uploads/images/options/item/2025/2/7634190624352025111.jpg,https://image.oliveyoung.co.kr/cfimages/cf-goods/uploads/images/options/item/2025/2/7634190624352025111.jpg,182.9,156.44,136.9
홀리카홀리카,마이페이브 피스 아이섀도우,eye,애프리콧듀,"6,400원",매트,https://image.oliveyoung.co.kr/cfimages/cf-goods/uploads/images/options/item/2025/2/9206579332488153515.jpg,https://image.oliveyoung.co.kr/cfimages/cf-goods/uploads/images/options/item/2025/2/9206579332488153515.jpg,194.79,143.78,141.69
홀리카홀리카,마이페이브 피스 아이섀도우,eye,슈가코트,"6,400원",매트,https://image.oliveyoung.co.kr/cfimages/cf-goods/uploads/images/options/item/2025/2/5133204693437656933.jpg,https://image.oliveyoung.co.kr/cfimages/cf-goods/uploads/images/options/item/2025/2/5133204693437656933.jpg,196.16,141.95,137.97
홀리카홀리카,마이페이브 피스 아이섀도우,eye,크림릿,"6,400원",매트,https://image.oliveyoung.co.kr/cfimages/cf-goods/uploads/images/options/item/2025/2/3692715021295867420.jpg,https://image.oliveyoung.co.kr/cfimages/cf-goods/uploads/images/options/item/2025/2/3692715021295867420.jpg,205.31,137.88,145.25
홀리카홀리카,마이페이브 피스 아이섀도우,eye,아이보릿,"6,400원",매트,https://image.oliveyoung.co.kr/cfimages/cf-goods/uploads/images/options/item/2025/2/1249923991828682074.jpg,https://image.oliveyoung.co.kr/cfimages/cf-goods/uploads/images/options/item/2025/2/1249923991828682074.jpg,201.12,137.57,140.65
홀리카홀리카,마이페이브 피스 아이섀도우,eye,스플래시,"6,400원",매트,https://image.oliveyoung.co.kr/cfimages/cf-goods/uploads/images/options/item/2025/2/7381203814999275804.jpg,https://image.oliveyoung.co.kr/cfimages/cf-goods/uploads/images/options/item/2025/2/7381203814999275804.jpg,223.32,128.31,122.92
홀리카홀리카,마이페이브 피스 아이섀도우,eye,위티,"6,400원",매트,https://image.oliveyoung.co.kr/cfimages/cf-goods/uploads/images/options/item/2025/2/5886269553639939047.jpg,https://image.oliveyoung.co.kr/cfimages/cf-goods/uploads/images/options/item/2025/2/5886269553639939047.jpg,160.43,149.3,141.39
홀리카홀리카,마이페이브 피스 아이섀도우,eye,엔젤릭,"6,400원",매트,https://image.oliveyoung.co.kr/cfimages/cf-goods/uploads/images/options/item/2025/2/3299248309495487244.jpg,https://image.oliveyoung.co.kr/cfimages/cf-goods/uploads/images/options/item/2025/2/3299248309495487244.jpg,166.03,158.62,136.15
홀리카홀리카,마이페이브 피스 아이섀도우,eye,디뮤어,"6,400원",매트,https://image.oliveyoung.co.kr/cfimages/cf-goods/uploads/images/options/item/2025/2/581218122705506546.jpg,https://image.oliveyoung.co.kr/cfimages/cf-goods/uploads/images/options/item/2025/2/581218122705506546.jpg,146.43,153.43,150.98
홀리카홀리카,마이페이브 피스 아이섀도우,eye,문샤인,"6,400원",매트,https://image.oliveyoung.co.kr/cfimages/cf-goods/uploads/images/options/item/2025/2/4271766608678328785.jpg,https://image.oliveyoung.co.kr/cfimages/cf-goods/uploads/images/options/item/2025/2/4271766608678328785.jpg,137.12,141.37,147.9
데이지크,블루밍 싱글 섀도우,eye,01 코랄 밀크,"7,900원",매트,https://image.oliveyoung.co.kr/cfimages/cf-goods/uploads/images/options/item/2025/2/19803824827969887.jpg,https://image.oliveyoung.co.kr/cfimages/cf-goods/uploads/images/options/item/2025/2/19803824827969887.jpg,221.84,138.93,135.65
데이지크,블루밍 싱글 섀도우,eye,03 체리 블라썸,"7,900원",매트,https://image.oliveyoung.co.kr/cfimages/cf-goods/uploads/images/options/item/2025/2/3255682880956959531.jpg,https://image.oliveyoung.co.kr/cfimages/cf-goods/uploads/images/options/item/2025/2/3255682880956959531.jpg,213.0,143.5,136.87
데이지크,블루밍 싱글 섀도우,eye,04 스프링 피크닉,"7,900원",매트,https://image.oliveyoung.co.kr/cfimages/cf-goods/uploads/images/options/item/2025/2/4218836853492313821.jpg,https://image.oliveyoung.co.kr/cfimages/cf-goods/uploads/images/options/item/2025/2/4218836853492313821.jpg,206.85,142.0,137.98
데이지크,블루밍 싱글 섀도우,eye,05 피치 컨페티,"7,900원",매트,https://image.oliveyoung.co.kr/cfimages/cf-goods/uploads/images/options/item/2025/2/2888997035899611692.jpg,https://image.oliveyoung.co.kr/cfimages/cf-goods/uploads/images/options/item/2025/2/2888997035899611692.jpg,206.49,141.72,142.62
데이지크,블루밍 싱글 섀도우,eye,06 페탈 스프링클,"7,900원",매트,https://image.oliveyoung.co.kr/cfimages/cf-goods/uploads/images/options/item/2025/2/793086307961730094.jpg,https://image.oliveyoung.co.kr/cfimages/cf-goods/uploads/images/options/item/2025/2/793086307961730094.jpg,217.65,137.3,137.96
데이지크,블루밍 싱글 섀도우,eye,07 미스틱 블라썸,"7,900원",매트,https://image.oliveyoung.co.kr/cfimages/cf-goods/uploads/images/options/item/2025/2/6342334527570039471.jpg,https://image.oliveyoung.co.kr/cfimages/cf-goods/uploads/images/options/item/2025/2/6342334527570039471.jpg,212.53,138.78,131.52
데이지크,블루밍 싱글 섀도우,eye,08 블루밍 캔디,"7,900원",매트,https://image.oliveyoung.co.kr/cfimages/cf-goods/uploads/images/options/item/2025/2/4695781413225469811.jpg,https://image.oliveyoung.co.kr/cfimages/cf-goods/uploads/images/options/item/2025/2/4695781413225469811.jpg,219.31,140.86,130.35
데이지크,블루밍 싱글 섀도우,eye,09 플라워 소다,"7,900원",매트,https://image.oliveyoung.co.kr/cfimages/cf-goods/uploads/images/options/item/2025/2/9037978520610578155.jpg,https://image.oliveyoung.co.kr/cfimages/cf-goods/uploads/images/options/item/2025/2/9037978520610578155.jpg,206.52,146.63,131.52
데이지크,블루밍 싱글 섀도우,eye,10 베리 토프,"7,900원",매트,https://image.oliveyoung.co.kr/cfimages/cf-goods/uploads/images/options/item/2025/2/4818820387816564256.jpg,https://image.oliveyoung.co.kr/cfimages/cf-goods/uploads/images/options/item/2025/2/4818820387816564256.jpg,201.51,138.34,134.58
삐아,레디 투 웨어 아이섀도우,eye,06 모태청순,"4,500원",매트,https://image.oliveyoung.co.kr/cfimages/cf-goods/uploads/images/options/item/2022/5/865689817905143996.jpg,https://image.oliveyoung.co.kr/cfimages/cf-goods/uploads/images/options/item/2022/5/865689817905143996.jpg,214.16,141.22,141.57
삐아,레디 투 웨어 아이섀도우,eye,07 모태매력,"4,500원",매트,https://image.oliveyoung.co.kr/cfimages/cf-goods/uploads/images/options/item/2022/5/8278750439997010767.jpg,https://image.oliveyoung.co.kr/cfimages/cf-goods/uploads/images/options/item/2022/5/8278750439997010767.jpg,213.35,139.25,139.67
삐아,레디 투 웨어 아이섀도우,eye,08 모태지적,"4,500원",매트,https://image.oliveyoung.co.kr/cfimages/cf-goods/uploads/images/options/item/2022/5/6381769081673395878.jpg,https://image.oliveyoung.co.kr/cfimages/cf-goods/uploads/images/options/item/2022/5/6381769081673395878.jpg,202.59,139.35,135.94
삐아,레디 투 웨어 아이섀도우,eye,09 모태분위기,"4,500원",매트,https://image.oliveyoung.co.kr/cfimages/cf-goods/uploads/images/options/item/2022/5/5306132786358521362.jpg,https://image.oliveyoung.co.kr/cfimages/cf-goods/uploads/images/options/item/2022/5/5306132786358521362.jpg,197.49,137.76,135.07
에뛰드,왓츠 인 마이 아이즈 & 더블,eye,01 코랄 밀크,"7,900원",매트,https://image.oliveyoung.co.kr/cfimages/cf-goods/uploads/images/options/item/2025/2/19803824827969887.jpg,https://image.oliveyoung.co.kr/cfimages/cf-goods/uploads/images/options/item/2025/2/19803824827969887.jpg,221.84,138.93,135.65
에뛰드,왓츠 인 마이 아이즈 & 더블,eye,03 체리 블라썸,"7,900원",매트,https://image.oliveyoung.co.kr/cfimages/cf-goods/uploads/images/options/item/2025/2/3255682880956959531.jpg,https://image.oliveyoung.co.kr/cfimages/cf-goods/uploads/images/options/item/2025/2/3255682880956959531.jpg,213.0,143.5,136.87
에뛰드,왓츠 인 마이 아이즈 & 더블,eye,04 스프링 피크닉,"7,900원",매트,https://image.oliveyoung.co.kr/cfimages/cf-goods/uploads/images/options/item/2025/2/4218836853492313821.jpg,https://image.oliveyoung.co.kr/cfimages/cf-goods/uploads/images/options/item/2025/2/4218836853492313821.jpg,206.85,142.0,137.98
에뛰드,왓츠 인 마이 아이즈 & 더블,eye,05 피치 컨페티,"7,900원",매트,https://image.oliveyoung.co.kr/cfimages/cf-goods/uploads/images/options/item/2025/2/2888997035899611692.jpg,https://image.oliveyoung.co.kr/cfimages/cf-goods/uploads/images/options/item/2025/2/2888997035899611692.jpg,206.49,141.72,142.62
에뛰드,왓츠 인 마이 아이즈 & 더블,eye,06 페탈 스프링클,"7,900원",매트,https://image.oliveyoung.co.kr/cfimages/cf-goods/uploads/images/options/item/2025/2/793086307961730094.jpg,https://image.oliveyoung.co.kr/cfimages/cf-goods/uploads/images/options/item/2025/2/793086307961730094.jpg,217.65,137.3,137.96
에뛰드,왓츠 인 마이 아이즈 & 더블,eye,07 미스틱 블라썸,"7,900원",매트,https://image.oliveyoung.co.kr/cfimages/cf-goods/uploads/images/options/item/2025/2/6342334527570039471.jpg,https://image.oliveyoung.co.kr/cfimages/cf-goods/uploads/images/options/item/2025/2/6342334527570039471.jpg,212.53,138.78,131.52
에뛰드,왓츠 인 마이 아이즈 & 더블,eye,08 블루밍 캔디,"7,900원",매트,https://image.oliveyoung.co.kr/cfimages/cf-goods/uploads/images/options/item/2025/2/4695781413225469811.jpg,https://image.oliveyoung.co.kr/cfimages/cf-goods/uploads/images/options/item/2025/2/4695781413225469811.jpg,219.31,140.86,130.35
에뛰드,왓츠 인 마이 아이즈 & 더블,eye,09 플라워 소다,"7,900원",매트,https://image.oliveyoung.co.kr/cfimages/cf-goods/uploads/images/options/item/2025/2/9037978520610578155.jpg,https://image.oliveyoung.co.kr/cfimages/cf-goods/uploads/images/options/item/2025/2/9037978520610578155.jpg,206.52,146.63,131.52
에뛰드,왓츠 인 마이 아이즈 & 더블,eye,10 베리 토프,"7,900원",매트,https://image.oliveyoung.co.kr/cfimages/cf-goods/uploads/images/options/item/2025/2/4818820387816564256.jpg,https://image.oliveyoung.co.kr/cfimages/cf-goods/uploads/images/options/item/2025/2/4818820387816564256.jpg,201.51,138.34,134.58
더샘,샘물 싱글 섀도우,eye,BE01 뉴트럴리 베이지,"4,800원",매트,https://image.oliveyoung.co.kr/cfimages/cf-goods/uploads/images/options/item/2024/9/1582708862551331501.jpg,https://image.oliveyoung.co.kr/cfimages/cf-goods/uploads/images/options/item/2024/9/1582708862551331501.jpg,190.76,132.31,132.93
더샘,샘물 싱글 섀도우,eye,RD01 썸머 수박 젤리,"5,600원",매트,https://image.oliveyoung.co.kr/cfimages/cf-goods/uploads/images/options/item/2025/5/3471210332197210775.jpg,https://image.oliveyoung.co.kr/cfimages/cf-goods/uploads/images/options/item/2025/5/3471210332197210775.jpg,163.45,146.59,136.4
더샘,샘물 싱글 섀도우,eye,CR02 입덕주의 살구,"5,600원",매트,https://image.oliveyoung.co.kr/cfimages/cf-goods/uploads/images/options/item/2025/10/7629773199943890820.png,https://image.oliveyoung.co.kr/cfimages/cf-goods/uploads/images/options/item/2025/10/7629773199943890820.png,215.02,140.01,138.28
더샘,샘물 싱글 섀도우,eye,PK03 눈꽃 딸기 소르베,"5,600원",매트,https://image.oliveyoung.co.kr/cfimages/cf-goods/uploads/images/options/item/2025/10/426125170454703938.jpg,https://image.oliveyoung.co.kr/cfimages/cf-goods/uploads/images/options/item/2025/10/426125170454703938.jpg,229.34,130.81,129.13
더샘,샘물 싱글 섀도우,eye,BR01 고능소비 애쉬,"4,800원",매트,https://image.oliveyoung.co.kr/cfimages/cf-goods/uploads/images/options/item/2024/9/1193583267008435451.jpg,https://image.oliveyoung.co.kr/cfimages/cf-goods/uploads/images/options/item/2024/9/1193583267008435451.jpg,176.64,131.2,130.72
더샘,샘물 싱글 섀도우,eye,PK03 체리 루비 젤리,"5,600원",매트,https://image.oliveyoung.co.kr/cfimages/cf-goods/uploads/images/options/item/2025/5/8943145778162285547.jpg,https://image.oliveyoung.co.kr/cfimages/cf-goods/uploads/images/options/item/2025/5/8943145778162285547.jpg,162.16,145.23,129.07
더샘,샘물 싱글 섀도우,eye,BR02 기강잡는 토프,"4,800원",매트,https://image.oliveyoung.co.kr/cfimages/cf-goods/uploads/images/options/item/2024/9/8769435225367196611.jpg,https://image.oliveyoung.co.kr/cfimages/cf-goods/uploads/images/options/item/2024/9/8769435225367196611.jpg,172.66,133.45,133.47
더샘,샘물 싱글 섀도우,eye,PK02 백도 말랑 젤리,"5,600원",매트,https://image.oliveyoung.co.kr/cfimages/cf-goods/uploads/images/options/item/2025/5/4471262816121386158.jpg,https://image.oliveyoung.co.kr/cfimages/cf-goods/uploads/images/options/item/2025/5/4471262816121386158.jpg,159.1,142.1,133.7
더샘,샘물 싱글 섀도우,eye,BR03 추구미는 모카,"4,800원",매트,https://image.oliveyoung.co.kr/cfimages/cf-goods/uploads/images/options/item/2024/9/1418848479283579518.jpg,https://image.oliveyoung.co.kr/cfimages/cf-goods/uploads/images/options/item/2024/9/1418848479283579518.jpg,150.62,132.25,133.1
더샘,샘물 싱글 섀도우,eye,BR04 필승조합 브라운,"4,800원",매트,https://image.oliveyoung.co.kr/cfimages/cf-goods/uploads/images/options/item/2024/9/4524322221741912135.jpg,https://image.oliveyoung.co.kr/cfimages/cf-goods/uploads/images/options/item/2024/9/4524322221741912135.jpg,156.48,135.33,131.3
더샘,샘물 싱글 섀도우,eye,BR05 뮤어리한 초코,"4,800원",매트,https://image.oliveyoung.co.kr/cfimages/cf-goods/uploads/images/options/item/2025/2/1757783350486677920.jpg,https://image.oliveyoung.co.kr/cfimages/cf-goods/uploads/images/options/item/2025/2/1757783350486677920.jpg,174.92,136.49,134.69
더샘,샘물 싱글 섀도우,eye,CR01 트임갱신 로즈,"4,800원",매트,https://image.oliveyoung.co.kr/cfimages/cf-goods/uploads/images/options/item/2024/9/7409296926480116761.jpg,https://image.oliveyoung.co.kr/cfimages/cf-goods/uploads/images/options/item/2024/9/7409296926480116761.jpg,153.94,138.11,133.6
더샘,샘물 싱글 섀도우,eye,CR02 물기어린 복숭아,"4,800원",매트,https://image.oliveyoung.co.kr/cfimages/cf-goods/uploads/images/options/item/2024/9/2662443414998716972.jpg,https://image.oliveyoung.co.kr/cfimages/cf-goods/uploads/images/options/item/2024/9/2662443414998716972.jpg,178.07,138.82,135.23
더샘,샘물 싱글 섀도우,eye,PK01 울먹이는 핑크,"4,800원",매트,https://image.oliveyoung.co.kr/cfimages/cf-goods/uploads/images/options/item/2024/9/858874153704144569.jpg,https://image.oliveyoung.co.kr/cfimages/cf-goods/uploads/images/options/item/2024/9/858874153704144569.jpg,182.33,142.06,130.66
더샘,샘물 싱글 섀도우,eye,PP01 사방트임 모브,"4,800원",매트,https://image.oliveyoung.co.kr/cfimages/cf-goods/uploads/images/options/item/2024/9/6679677650452211342.jpg,https://image.oliveyoung.co.kr/cfimages/cf-goods/uploads/images/options/item/2024/9/6679677650452211342.jpg,159.63,134.86,130.56
더샘,샘물 싱글 섀도우,eye,PP02 뮤어리한 바인,"4,800원",매트,https://image.oliveyoung.co.kr/cfimages/cf-goods/uploads/images/options/item/2025/2/4249140579997470988.jpg,https://image.oliveyoung.co.kr/cfimages/cf-goods/uploads/images/options/item/2025/2/4249140579997470988.jpg,157.81,135.79,130.51
더샘,샘물 싱글 섀도우,eye,WH02 살결st 바닐라,"4,800원",매트,https://image.oliveyoung.co.kr/cfimages/cf-goods/uploads/images/options/item/2024/9/1195367627625507159.jpg,https://image.oliveyoung.co.kr/cfimages/cf-goods/uploads/images/options/item/2024/9/1195367627625507159.jpg,211.94,129.58,129.09
더샘,샘물 싱글 섀도우,eye,BE01 입덕주의 슈가,"5,600원",매트,https://image.oliveyoung.co.kr/cfimages/cf-goods/uploads/images/options/item/2024/9/5357592297180477831.jpg,https://image.oliveyoung.co.kr/cfimages/cf-goods/uploads/images/options/item/2024/9/5357592297180477831.jpg,173.86,135.68,133.3
더샘,샘물 싱글 섀도우,eye,BE02 입덕주의 누가,"5,600원",매트,https://image.oliveyoung.co.kr/cfimages/cf-goods/uploads/images/options/item/2025/2/4302395239147460056.jpg,https://image.oliveyoung.co.kr/cfimages/cf-goods/uploads/images/options/item/2025/2/4302395239147460056.jpg,195.87,136.78,139.11
더샘,샘물 싱글 섀도우,eye,CR01 입덕주의 포멜로,"5,600원",매트,https://image.oliveyoung.co.kr/cfimages/cf-goods/uploads/images/options/item/2024/9/6271056095763001922.jpg,https://image.oliveyoung.co.kr/cfimages/cf-goods/uploads/images/options/item/2024/9/6271056095763001922.jpg,170.17,142.44,136.94
더샘,샘물 싱글 섀도우,eye,PK01 입덕주의 샤이,"5,600원",매트,https://image.oliveyoung.co.kr/cfimages/cf-goods/uploads/images/options/item/2024/9/8007612406795120247.jpg,https://image.oliveyoung.co.kr/cfimages/cf-goods/uploads/images/options/item/2024/9/8007612406795120247.jpg,187.76,136.5,129.88
더샘,샘물 싱글 섀도우,eye,PK02 입덕주의 피그,"5,600원",매트,https://image.oliveyoung.co.kr/cfimages/cf-goods/uploads/images/options/item/2025/2/9193260654534872040.jpg,https://image.oliveyoung.co.kr/cfimages/cf-goods/uploads/images/options/item/2025/2/9193260654534872040.jpg,176.88,139.72,136.19
더샘,샘물 싱글 섀도우,eye,PP01 입덕주의 자스민,"5,600원",매트,https://image.oliveyoung.co.kr/cfimages/cf-goods/uploads/images/options/item/2024/9/3272128268815371812.jpg,https://image.oliveyoung.co.kr/cfimages/cf-goods/uploads/images/options/item/2024/9/3272128268815371812.jpg,184.73,135.64,125.34
더샘,샘물 싱글 섀도우,eye,WH01 입덕주의 화이트,"5,600원",매트,https://image.oliveyoung.co.kr/cfimages/cf-goods/uploads/images/options/item/2024/9/7468063777031590370.jpg,https://image.oliveyoung.co.kr/cfimages/cf-goods/uploads/images/options/item/2024/9/7468063777031590370.jpg,208.34,130.48,131.64
더샘,샘물 싱글 섀도우,eye,WH02 입덕주의 스노우,"5,600원",매트,https://image.oliveyoung.co.kr/cfimages/cf-goods/uploads/images/options/item/2025/1/2752971416514561611.jpg,https://image.oliveyoung.co.kr/cfimages/cf-goods/uploads/images/options/item/2025/1/2752971416514561611.jpg,221.5,129.57,130.32
더샘,샘물 싱글 섀도우,eye,BL01 윈터버블 젤리,"5,600원",매트,https://image.oliveyoung.co.kr/cfimages/cf-goods/uploads/images/options/item/2024/9/9219952732996495840.jpg,https://image.oliveyoung.co.kr/cfimages/cf-goods/uploads/images/options/item/2024/9/9219952732996495840.jpg,209.83,126.68,124.91
더샘,샘물 싱글 섀도우,eye,CR02 구아바 젤리,"5,600원",매트,https://image.oliveyoung.co.kr/cfimages/cf-goods/uploads/images/options/item/2025/1/5188766348103347446.jpg,https://image.oliveyoung.co.kr/cfimages/cf-goods/uploads/images/options/item/2025/1/5188766348103347446.jpg,195.38,143.07,136.06
더샘,샘물 싱글 섀도우,eye,PK01 생딸기 젤리,"5,600원",매트,https://image.oliveyoung.co.kr/cfimages/cf-goods/uploads/images/options/item/2024/9/529312962189433456.jpg,https://image.oliveyoung.co.kr/cfimages/cf-goods/uploads/images/options/item/2024/9/529312962189433456.jpg,184.16,139.99,128.1
더샘,샘물 싱글 섀도우,eye,PP01 페어리 젤리,"5,600원",매트,https://image.oliveyoung.co.kr/cfimages/cf-goods/uploads/images/options/item/2025/2/480037024275341672.jpg,https://image.oliveyoung.co.kr/cfimages/cf-goods/uploads/images/options/item/2025/2/480037024275341672.jpg,162.36,141.21,128.33
더샘,샘물 싱글 섀도우,eye,WH01 물기 머금은 다이아,"5,600원",매트,https://image.oliveyoung.co.kr/cfimages/cf-goods/uploads/images/options/item/2024/9/4101536749736378769.jpg,https://image.oliveyoung.co.kr/cfimages/cf-goods/uploads/images/options/item/2024/9/4101536749736378769.jpg,213.54,127.67,125.81
더샘,샘물 싱글 섀도우,eye,PICK1,"24,000원",매트,https://image.oliveyoung.co.kr/cfimages/cf-goods/uploads/images/options/item/2025/2/7656297797949703078.jpg,https://image.oliveyoung.co.kr/cfimages/cf-goods/uploads/images/options/item/2025/2/7656297797949703078.jpg,209.94,131.69,134.64
더샘,샘물 싱글 섀도우,eye,PICK2,"24,000원",매트,https://image.oliveyoung.co.kr/cfimages/cf-goods/uploads/images/options/item/2025/2/9199448969455729013.jpg,https://image.oliveyoung.co.kr/cfimages/cf-goods/uploads/images/options/item/2025/2/9199448969455729013.jpg,209.71,133.89,129.98
아멜리,섀도,eye,215 시나몬더스트,"15,000원",매트,https://image.oliveyoung.co.kr/cfimages/cf-goods/uploads/images/options/item/2024/8/7695177111016809668.jpg,https://image.oliveyoung.co.kr/cfimages/cf-goods/uploads/images/options/item/2024/8/7695177111016809668.jpg,158.28,133.32,143.46
아멜리,섀도,eye,514 바닐라쇼크,"17,100원",매트,https://image.oliveyoung.co.kr/cfimages/cf-goods/uploads/images/options/item/2025/3/866219940747676285.jpg,https://image.oliveyoung.co.kr/cfimages/cf-goods/uploads/images/options/item/2025/3/866219940747676285.jpg,174.0,135.19,142.53
아멜리,섀도,eye,515 레드쏠트핑크칙촉,"17,100원",매트,https://image.oliveyoung.co.kr/cfimages/cf-goods/uploads/images/options/item/2025/3/8954111701971420297.jpg,https://image.oliveyoung.co.kr/cfimages/cf-goods/uploads/images/options/item/2025/3/8954111701971420297.jpg,155.58,144.94,146.83
아멜리,섀도,eye,265 허쉬핑크,"15,000원",매트,https://image.oliveyoung.co.kr/cfimages/cf-goods/uploads/images/options/item/2025/3/3511096313801435619.jpg,https://image.oliveyoung.co.kr/cfimages/cf-goods/uploads/images/options/item/2025/3/3511096313801435619.jpg,181.13,138.2,136.94
아멜리,섀도,eye,226 세피아,"15,000원",매트,https://image.oliveyoung.co.kr/cfimages/cf-goods/uploads/images/options/item/2025/3/2187983125592376957.jpg,https://image.oliveyoung.co.kr/cfimages/cf-goods/uploads/images/options/item/2025/3/2187983125592376957.jpg,136.8,134.34,141.17
아멜리,섀도,eye,244 빈티지발렌타인,"15,000원",매트,https://image.oliveyoung.co.kr/cfimages/cf-goods/uploads/images/options/item/2025/3/250346960923372080.jpg,https://image.oliveyoung.co.kr/cfimages/cf-goods/uploads/images/options/item/2025/3/250346960923372080.jpg,161.18,143.07,140.4
아멜리,섀도,eye,179 체리블라썸,"17,000원",매트,https://image.oliveyoung.co.kr/cfimages/cf-goods/uploads/images/options/item/2025/3/535360798747182781.jpg,https://image.oliveyoung.co.kr/cfimages/cf-goods/uploads/images/options/item/2025/3/535360798747182781.jpg,169.46,146.34,140.44
아멜리,섀도,eye,224 리얼스킨,"15,000원",매트,https://image.oliveyoung.co.kr/cfimages/cf-goods/uploads/images/options/item/2024/8/2454126638276427608.jpg,https://image.oliveyoung.co.kr/cfimages/cf-goods/uploads/images/options/item/2024/8/2454126638276427608.jpg,182.33,135.48,145.82
아멜리,섀도,eye,243 마카롱그레이,"15,000원",매트,https://image.oliveyoung.co.kr/cfimages/cf-goods/uploads/images/options/item/2024/8/8739728975995788826.jpg,https://image.oliveyoung.co.kr/cfimages/cf-goods/uploads/images/options/item/2024/8/8739728975995788826.jpg,176.66,133.02,140.28
아멜리,섀도,eye,255 라넌큘러스,"15,000원",매트,https://image.oliveyoung.co.kr/cfimages/cf-goods/uploads/images/options/item/2024/8/7772111294302439259.jpg,https://image.oliveyoung.co.kr/cfimages/cf-goods/uploads/images/options/item/2024/8/7772111294302439259.jpg,184.7,141.94,144.67
아멜리,섀도,eye,113 피치오렌지,"17,000원",매트,https://image.oliveyoung.co.kr/cfimages/cf-goods/uploads/images/options/item/2024/8/6630756944087411790.jpg,https://image.oliveyoung.co.kr/cfimages/cf-goods/uploads/images/options/item/2024/8/6630756944087411790.jpg,173.83,144.93,148.09
아멜리,섀도,eye,150 프레쉬라임,"17,000원",매트,https://image.oliveyoung.co.kr/cfimages/cf-goods/uploads/images/options/item/2024/8/3790082694778256874.jpg,https://image.oliveyoung.co.kr/cfimages/cf-goods/uploads/images/options/item/2024/8/3790082694778256874.jpg,168.53,123.89,152.68
아멜리,섀도,eye,151 스파클릴리,"17,000원",매트,https://image.oliveyoung.co.kr/cfimages/cf-goods/uploads/images/options/item/2024/8/4042467374707729224.jpg,https://image.oliveyoung.co.kr/cfimages/cf-goods/uploads/images/options/item/2024/8/4042467374707729224.jpg,182.42,129.89,140.6
아멜리,섀도,eye,180 로즈로코코,"17,000원",매트,https://image.oliveyoung.co.kr/cfimages/cf-goods/uploads/images/options/item/2024/8/5333455068514364346.jpg,https://image.oliveyoung.co.kr/cfimages/cf-goods/uploads/images/options/item/2024/8/5333455068514364346.jpg,160.02,139.06,139.08
아멜리,섀도,eye,504 오렌지환타,"17,100원",매트,https://image.oliveyoung.co.kr/cfimages/cf-goods/uploads/images/options/item/2024/8/2525167469677113583.jpg,https://image.oliveyoung.co.kr/cfimages/cf-goods/uploads/images/options/item/2024/8/2525167469677113583.jpg,172.32,147.07,161.39
아멜리,섀도,eye,508 엔젤윙스,"17,100원",매트,https://image.oliveyoung.co.kr/cfimages/cf-goods/uploads/images/options/item/2024/8/2152261488995694843.jpg,https://image.oliveyoung.co.kr/cfimages/cf-goods/uploads/images/options/item/2024/8/2152261488995694843.jpg,165.29,128.95,139.38
아멜리,섀도,eye,522 퍼플엔젤티얼스,"17,100원",매트,https://image.oliveyoung.co.kr/cfimages/cf-goods/uploads/images/options/item/2024/8/1653506535893615149.jpg,https://image.oliveyoung.co.kr/cfimages/cf-goods/uploads/images/options/item/2024/8/1653506535893615149.jpg,144.04,139.14,136.42
라카,모노 아이섀도우,eye,901 테디,"6,400원",매트,https://image.oliveyoung.co.kr/cfimages/cf-goods/uploads/images/options/item/2023/4/5451921239308282770.jpg,https://image.oliveyoung.co.kr/cfimages/cf-goods/uploads/images/options/item/2023/4/5451921239308282770.jpg,180.53,136.71,136.73
라카,모노 아이섀도우,eye,902 얼스,"6,400원",매트,https://image.oliveyoung.co.kr/cfimages/cf-goods/uploads/images/options/item/2023/4/801950685863882655.jpg,https://image.oliveyoung.co.kr/cfimages/cf-goods/uploads/images/options/item/2023/4/801950685863882655.jpg,170.56,138.4,133.87
라카,모노 아이섀도우,eye,903 튤립,"6,400원",매트,https://image.oliveyoung.co.kr/cfimages/cf-goods/uploads/images/options/item/2023/4/706177512101586829.jpg,https://image.oliveyoung.co.kr/cfimages/cf-goods/uploads/images/options/item/2023/4/706177512101586829.jpg,164.46,143.78,133.44
라카,모노 아이섀도우,eye,905 모더니스트,"6,400원",매트,https://image.oliveyoung.co.kr/cfimages/cf-goods/uploads/images/options/item/2023/4/3247040753481598140.jpg,https://image.oliveyoung.co.kr/cfimages/cf-goods/uploads/images/options/item/2023/4/3247040753481598140.jpg,174.35,138.22,130.51
라카,모노 아이섀도우,eye,908 바닐라,"6,400원",매트,https://image.oliveyoung.co.kr/cfimages/cf-goods/uploads/images/options/item/2023/4/7202873022160696888.jpg,https://image.oliveyoung.co.kr/cfimages/cf-goods/uploads/images/options/item/2023/4/7202873022160696888.jpg,214.76,129.66,135.58
라카,모노 아이섀도우,eye,909 솝,"6,400원",매트,https://image.oliveyoung.co.kr/cfimages/cf-goods/uploads/images/options/item/2023/4/8845969203769232712.jpg,https://image.oliveyoung.co.kr/cfimages/cf-goods/uploads/images/options/item/2023/4/8845969203769232712.jpg,203.88,136.39,133.06
라카,모노 아이섀도우,eye,910 포그,"6,400원",매트,https://image.oliveyoung.co.kr/cfimages/cf-goods/uploads/images/options/item/2023/4/5017882953396393909.jpg,https://image.oliveyoung.co.kr/cfimages/cf-goods/uploads/images/options/item/2023/4/5017882953396393909.jpg,196.66,130.91,131.02
라카,모노 아이섀도우,eye,912 샌달우드,"6,400원",매트,https://image.oliveyoung.co.kr/cfimages/cf-goods/uploads/images/options/item/2023/4/2675747675577013803.jpg,https://image.oliveyoung.co.kr/cfimages/cf-goods/uploads/images/options/item/2023/4/2675747675577013803.jpg,184.99,134.37,138.09
라카,모노 아이섀도우,eye,913 시나몬,"6,400원",매트,https://image.oliveyoung.co.kr/cfimages/cf-goods/uploads/images/options/item/2023/4/9038989744760541361.jpg,https://image.oliveyoung.co.kr/cfimages/cf-goods/uploads/images/options/item/2023/4/9038989744760541361.jpg,175.47,138.13,140.27
라카,모노 아이섀도우,eye,914 코코아,"6,400원",매트,https://image.oliveyoung.co.kr/cfimages/cf-goods/uploads/images/options/item/2023/4/1079317234933157744.jpg,https://image.oliveyoung.co.kr/cfimages/cf-goods/uploads/images/options/item/2023/4/1079317234933157744.jpg,156.15,133.61,131.04
라카,모노 아이섀도우,eye,915 헤이즐,"6,400원",매트,https://image.oliveyoung.co.kr/cfimages/cf-goods/uploads/images/options/item/2023/4/3159231382293484949.jpg,https://image.oliveyoung.co.kr/cfimages/cf-goods/uploads/images/options/item/2023/4/3159231382293484949.jpg,159.08,132.79,136.85
라카,모노 아이섀도우,eye,916 베베,"6,400원",매트,https://image.oliveyoung.co.kr/cfimages/cf-goods/uploads/images/options/item/2023/4/8959229775908883607.jpg,https://image.oliveyoung.co.kr/cfimages/cf-goods/uploads/images/options/item/2023/4/8959229775908883607.jpg,198.35,139.21,137.64
라카,모노 아이섀도우,eye,917 메이,"6,400원",매트,https://image.oliveyoung.co.kr/cfimages/cf-goods/uploads/images/options/item/2023/4/121003585865297713.jpg,https://image.oliveyoung.co.kr/cfimages/cf-goods/uploads/images/options/item/2023/4/121003585865297713.jpg,201.69,141.73,140.94
라카,모노 아이섀도우,eye,918 플로리스트,"6,400원",매트,https://image.oliveyoung.co.kr/cfimages/cf-goods/uploads/images/options/item/2023/4/5687565023311864560.jpg,https://image.oliveyoung.co.kr/cfimages/cf-goods/uploads/images/options/item/2023/4/5687565023311864560.jpg,197.29,143.45,135.01
라카,모노 아이섀도우,eye,919 써머,"6,400원",매트,https://image.oliveyoung.co.kr/cfimages/cf-goods/uploads/images/options/item/2023/4/8513279796674802391.jpg,https://image.oliveyoung.co.kr/cfimages/cf-goods/uploads/images/options/item/2023/4/8513279796674802391.jpg,193.89,147.01,131.66
라카,모노 아이섀도우,eye,920 칸나,"6,400원",매트,https://image.oliveyoung.co.kr/cfimages/cf-goods/uploads/images/options/item/2023/4/5627977166255582783.jpg,https://image.oliveyoung.co.kr/cfimages/cf-goods/uploads/images/options/item/2023/4/5627977166255582783.jpg,160.22,146.55,138.93
라카,모노 아이섀도우,eye,922 스노우,"6,400원",매트,https://image.oliveyoung.co.kr/cfimages/cf-goods/uploads/images/options/item/2023/4/2505393241727350657.png,https://image.oliveyoung.co.kr/cfimages/cf-goods/uploads/images/options/item/2023/4/2505393241727350657.png,210.65,128.65,134.82
라카,모노 아이섀도우,eye,923 챈스,"6,400원",매트,https://image.oliveyoung.co.kr/cfimages/cf-goods/uploads/images/options/item/2023/4/6463994872163218239.png,https://image.oliveyoung.co.kr/cfimages/cf-goods/uploads/images/options/item/2023/4/6463994872163218239.png,153.84,145.08,134.72
라카,모노 아이섀도우,eye,925 글로리,"6,400원",매트,https://image.oliveyoung.co.kr/cfimages/cf-goods/uploads/images/options/item/2023/4/2627405195847623961.png,https://image.oliveyoung.co.kr/cfimages/cf-goods/uploads/images/options/item/2023/4/2627405195847623961.png,172.66,146.9,149.01
라카,모노 아이섀도우,eye,926 리버티,"6,400원",매트,https://image.oliveyoung.co.kr/cfimages/cf-goods/uploads/images/options/item/2023/4/8039271321489520065.png,https://image.oliveyoung.co.kr/cfimages/cf-goods/uploads/images/options/item/2023/4/8039271321489520065.png,143.22,130.19,132.06
롬앤,슬라이드 인 싱글,eye,M28 키튼 젤리,"5,400원",매트,https://image.oliveyoung.co.kr/cfimages/cf-goods/uploads/images/options/item/2025/2/6441243372193374367.jpg,https://image.oliveyoung.co.kr/cfimages/cf-goods/uploads/images/options/item/2025/2/6441243372193374367.jpg,211.99,142.69,134.96
롬앤,슬라이드 인 싱글,eye,M29 피치 슈,"5,400원",매트,https://image.oliveyoung.co.kr/cfimages/cf-goods/uploads/images/options/item/2025/2/5139842867292330652.jpg,https://image.oliveyoung.co.kr/cfimages/cf-goods/uploads/images/options/item/2025/2/5139842867292330652.jpg,196.24,152.28,142.79
롬앤,슬라이드 인 싱글,eye,M30 캔디드 베리,"5,400원",매트,https://image.oliveyoung.co.kr/cfimages/cf-goods/uploads/images/options/item/2025/2/7771534188867263066.jpg,https://image.oliveyoung.co.kr/cfimages/cf-goods/uploads/images/options/item/2025/2/7771534188867263066.jpg,211.43,150.08,124.41
롬앤,슬라이드 인 싱글,eye,M31 슈가 프레즐,"5,400원",매트,https://image.oliveyoung.co.kr/cfimages/cf-goods/uploads/images/options/item/2025/2/1943132483203841059.jpg,https://image.oliveyoung.co.kr/cfimages/cf-goods/uploads/images/options/item/2025/2/1943132483203841059.jpg,167.24,141.12,138.61
롬앤,슬라이드 인 싱글,eye,M01 웜 볼류머,"5,400원",매트,https://image.oliveyoung.co.kr/cfimages/cf-goods/uploads/images/options/item/2024/10/6746763277227402550.jpg,https://image.oliveyoung.co.kr/cfimages/cf-goods/uploads/images/options/item/2024/10/6746763277227402550.jpg,226.15,132.52,135.69
롬앤,슬라이드 인 싱글,eye,M02 쿨 볼류머,"5,400원",매트,https://image.oliveyoung.co.kr/cfimages/cf-goods/uploads/images/options/item/2024/10/3262442139508120476.jpg,https://image.oliveyoung.co.kr/cfimages/cf-goods/uploads/images/options/item/2024/10/3262442139508120476.jpg,224.4,136.52,132.06
롬앤,슬라이드 인 싱글,eye,M04 쥬시 망고,"5,400원",매트,https://image.oliveyoung.co.kr/cfimages/cf-goods/uploads/images/options/item/2024/10/5229634323256468502.jpg,https://image.oliveyoung.co.kr/cfimages/cf-goods/uploads/images/options/item/2024/10/5229634323256468502.jpg,201.98,145.36,176.13
롬앤,슬라이드 인 싱글,eye,M05 멜론 듀,"5,400원",매트,https://image.oliveyoung.co.kr/cfimages/cf-goods/uploads/images/options/item/2024/10/2434944640218079433.jpg,https://image.oliveyoung.co.kr/cfimages/cf-goods/uploads/images/options/item/2024/10/2434944640218079433.jpg,208.35,119.38,155.42
롬앤,슬라이드 인 싱글,eye,M06 소다 팝,"5,400원",매트,https://image.oliveyoung.co.kr/cfimages/cf-goods/uploads/images/options/item/2024/10/5662058540709723820.jpg,https://image.oliveyoung.co.kr/cfimages/cf-goods/uploads/images/options/item/2024/10/5662058540709723820.jpg,214.3,124.5,123.95
롬앤,슬라이드 인 싱글,eye,M07 스프링 라벤더,"5,400원",매트,https://image.oliveyoung.co.kr/cfimages/cf-goods/uploads/images/options/item/2024/10/5942852317365684470.jpg,https://image.oliveyoung.co.kr/cfimages/cf-goods/uploads/images/options/item/2024/10/5942852317365684470.jpg,207.97,144.14,128.01
롬앤,슬라이드 인 싱글,eye,M08 페일 피오니,"5,400원",매트,https://image.oliveyoung.co.kr/cfimages/cf-goods/uploads/images/options/item/2024/10/5061323967955769354.jpg,https://image.oliveyoung.co.kr/cfimages/cf-goods/uploads/images/options/item/2024/10/5061323967955769354.jpg,209.9,145.27,141.62
롬앤,슬라이드 인 싱글,eye,M09 비 헤이지,"5,400원",매트,https://image.oliveyoung.co.kr/cfimages/cf-goods/uploads/images/options/item/2024/10/2375876920447754761.jpg,https://image.oliveyoung.co.kr/cfimages/cf-goods/uploads/images/options/item/2024/10/2375876920447754761.jpg,200.49,140.44,136.09
롬앤,슬라이드 인 싱글,eye,M10 토피 라떼,"5,400원",매트,https://image.oliveyoung.co.kr/cfimages/cf-goods/uploads/images/options/item/2024/10/3633985451907134097.jpg,https://image.oliveyoung.co.kr/cfimages/cf-goods/uploads/images/options/item/2024/10/3633985451907134097.jpg,201.55,138.15,142.1
롬앤,슬라이드 인 싱글,eye,M11 커스터드,"5,400원",매트,https://image.oliveyoung.co.kr/cfimages/cf-goods/uploads/images/options/item/2024/10/3273293185943142828.jpg,https://image.oliveyoung.co.kr/cfimages/cf-goods/uploads/images/options/item/2024/10/3273293185943142828.jpg,203.89,140.49,148.15
롬앤,슬라이드 인 싱글,eye,M12 마가렛,"5,400원",매트,https://image.oliveyoung.co.kr/cfimages/cf-goods/uploads/images/options/item/2024/10/8029994204004205720.jpg,https://image.oliveyoung.co.kr/cfimages/cf-goods/uploads/images/options/item/2024/10/8029994204004205720.jpg,197.17,136.15,146.4
롬앤,슬라이드 인 싱글,eye,M13 포도 크림,"5,400원",매트,https://image.oliveyoung.co.kr/cfimages/cf-goods/uploads/images/options/item/2024/10/7228466829733700628.jpg,https://image.oliveyoung.co.kr/cfimages/cf-goods/uploads/images/options/item/2024/10/7228466829733700628.jpg,196.58,152.26,123.26
롬앤,슬라이드 인 싱글,eye,M14 토 슈즈,"5,400원",매트,https://image.oliveyoung.co.kr/cfimages/cf-goods/uploads/images/options/item/2024/10/4225087688075510465.jpg,https://image.oliveyoung.co.kr/cfimages/cf-goods/uploads/images/options/item/2024/10/4225087688075510465.jpg,200.13,152.41,140.53
롬앤,슬라이드 인 싱글,eye,M15 낫띵 피치,"5,400원",매트,https://image.oliveyoung.co.kr/cfimages/cf-goods/uploads/images/options/item/2024/10/1964787874230466617.jpg,https://image.oliveyoung.co.kr/cfimages/cf-goods/uploads/images/options/item/2024/10/1964787874230466617.jpg,191.55,153.76,149.25
롬앤,슬라이드 인 싱글,eye,M16 피그 휘핑,"5,400원",매트,https://image.oliveyoung.co.kr/cfimages/cf-goods/uploads/images/options/item/2024/10/1946273083085181980.jpg,https://image.oliveyoung.co.kr/cfimages/cf-goods/uploads/images/options/item/2024/10/1946273083085181980.jpg,186.07,153.1,141.08
롬앤,슬라이드 인 싱글,eye,M18 플레인 모카,"5,400원",매트,https://image.oliveyoung.co.kr/cfimages/cf-goods/uploads/images/options/item/2024/10/1135090809512850288.jpg,https://image.oliveyoung.co.kr/cfimages/cf-goods/uploads/images/options/item/2024/10/1135090809512850288.jpg,176.28,139.75,141.72
롬앤,슬라이드 인 싱글,eye,M20 데일리 메밀,"5,400원",매트,https://image.oliveyoung.co.kr/cfimages/cf-goods/uploads/images/options/item/2024/10/5634823870433492530.jpg,https://image.oliveyoung.co.kr/cfimages/cf-goods/uploads/images/options/item/2024/10/5634823870433492530.jpg,166.06,138.6,146.35
롬앤,슬라이드 인 싱글,eye,M21 웜 캐러멜,"5,400원",매트,https://image.oliveyoung.co.kr/cfimages/cf-goods/uploads/images/options/item/2024/10/1992617953151941353.jpg,https://image.oliveyoung.co.kr/cfimages/cf-goods/uploads/images/options/item/2024/10/1992617953151941353.jpg,141.22,143.19,156.35
롬앤,슬라이드 인 싱글,eye,M23 레드 빈즈,"5,400원",매트,https://image.oliveyoung.co.kr/cfimages/cf-goods/uploads/images/options/item/2024/10/6196761596830479905.jpg,https://image.oliveyoung.co.kr/cfimages/cf-goods/uploads/images/options/item/2024/10/6196761596830479905.jpg,155.98,146.09,142.03
롬앤,슬라이드 인 싱글,eye,M25 처비 초코,"5,400원",매트,https://image.oliveyoung.co.kr/cfimages/cf-goods/uploads/images/options/item/2024/10/2459184780842786943.jpg,https://image.oliveyoung.co.kr/cfimages/cf-goods/uploads/images/options/item/2024/10/2459184780842786943.jpg,89.73,137.88,142.89
롬앤,슬라이드 인 싱글,eye,M26 블렌딩 코코,"5,400원",매트,https://image.oliveyoung.co.kr/cfimages/cf-goods/uploads/images/options/item/2024/10/2538359878830649094.jpg,https://image.oliveyoung.co.kr/cfimages/cf-goods/uploads/images/options/item/2024/10/2538359878830649094.jpg,93.69,141.15,138.68
롬앤,슬라이드 인 싱글,eye,S01 글레이즈,"5,400원",매트,https://image.oliveyoung.co.kr/cfimages/cf-goods/uploads/images/options/item/2024/10/4361346114715590691.jpg,https://image.oliveyoung.co.kr/cfimages/cf-goods/uploads/images/options/item/2024/10/4361346114715590691.jpg,219.91,137.03,130.66
롬앤,슬라이드 인 싱글,eye,S02 리치 레몬,"5,400원",매트,https://image.oliveyoung.co.kr/cfimages/cf-goods/uploads/images/options/item/2024/10/3898580026123510080.jpg,https://image.oliveyoung.co.kr/cfimages/cf-goods/uploads/images/options/item/2024/10/3898580026123510080.jpg,221.88,127.64,143.23
롬앤,슬라이드 인 싱글,eye,S03 블루 베일,"5,400원",매트,https://image.oliveyoung.co.kr/cfimages/cf-goods/uploads/images/options/item/2024/10/832721718064074431.jpg,https://image.oliveyoung.co.kr/cfimages/cf-goods/uploads/images/options/item/2024/10/832721718064074431.jpg,223.04,127.01,125.18
롬앤,슬라이드 인 싱글,eye,S04 베어 타로,"5,400원",매트,https://image.oliveyoung.co.kr/cfimages/cf-goods/uploads/images/options/item/2024/10/7059088388931160409.jpg,https://image.oliveyoung.co.kr/cfimages/cf-goods/uploads/images/options/item/2024/10/7059088388931160409.jpg,218.83,137.01,124.02
롬앤,슬라이드 인 싱글,eye,S05 버블리,"5,400원",매트,https://image.oliveyoung.co.kr/cfimages/cf-goods/uploads/images/options/item/2024/10/1349187550748171564.jpg,https://image.oliveyoung.co.kr/cfimages/cf-goods/uploads/images/options/item/2024/10/1349187550748171564.jpg,200.41,147.5,132.89
롬앤,슬라이드 인 싱글,eye,S06 소르베 휩,"5,400원",매트,https://image.oliveyoung.co.kr/cfimages/cf-goods/uploads/images/options/item/2024/10/1744932889158240893.jpg,https://image.oliveyoung.co.kr/cfimages/cf-goods/uploads/images/options/item/2024/10/1744932889158240893.jpg,180.8,156.86,155.42
롬앤,슬라이드 인 싱글,eye,S07 포슬린,"5,400원",매트,https://image.oliveyoung.co.kr/cfimages/cf-goods/uploads/images/options/item/2024/10/6180041834780962054.jpg,https://image.oliveyoung.co.kr/cfimages/cf-goods/uploads/images/options/item/2024/10/6180041834780962054.jpg,203.14,143.32,143.92
롬앤,슬라이드 인 싱글,eye,S09 솔티 바닐라,"5,400원",매트,https://image.oliveyoung.co.kr/cfimages/cf-goods/uploads/images/options/item/2024/10/5659130926378328546.jpg,https://image.oliveyoung.co.kr/cfimages/cf-goods/uploads/images/options/item/2024/10/5659130926378328546.jpg,171.8,150.95,149.86
롬앤,슬라이드 인 싱글,eye,S12 카프리 바이올렛,"5,400원",매트,https://image.oliveyoung.co.kr/cfimages/cf-goods/uploads/images/options/item/2024/10/2862926288299603875.jpg,https://image.oliveyoung.co.kr/cfimages/cf-goods/uploads/images/options/item/2024/10/2862926288299603875.jpg,96.0,152.91,129.13
롬앤,슬라이드 인 싱글,eye,S13 레이지 마젠타,"5,400원",매트,https://image.oliveyoung.co.kr/cfimages/cf-goods/uploads/images/options/item/2024/10/6106714669759808411.jpg,https://image.oliveyoung.co.kr/cfimages/cf-goods/uploads/images/options/item/2024/10/6106714669759808411.jpg,130.74,185.66,137.25
롬앤,슬라이드 인 싱글,eye,S14 배디,"5,400원",매트,https://image.oliveyoung.co.kr/cfimages/cf-goods/uploads/images/options/item/2024/10/525275715360678593.jpg,https://image.oliveyoung.co.kr/cfimages/cf-goods/uploads/images/options/item/2024/10/525275715360678593.jpg,136.31,160.03,140.93
롬앤,슬라이드 인 싱글,eye,S15 생강,"5,400원",매트,https://image.oliveyoung.co.kr/cfimages/cf-goods/uploads/images/options/item/2024/10/5701471255620292814.jpg,https://image.oliveyoung.co.kr/cfimages/cf-goods/uploads/images/options/item/2024/10/5701471255620292814.jpg,154.01,156.52,159.84
롬앤,슬라이드 인 싱글,eye,S16 얼그레이,"5,400원",매트,https://image.oliveyoung.co.kr/cfimages/cf-goods/uploads/images/options/item/2024/10/8494382676802122201.jpg,https://image.oliveyoung.co.kr/cfimages/cf-goods/uploads/images/options/item/2024/10/8494382676802122201.jpg,126.46,142.42,142.52
롬앤,슬라이드 인 싱글,eye,S17 퍼지,"5,400원",매트,https://image.oliveyoung.co.kr/cfimages/cf-goods/uploads/images/options/item/2024/10/445193038768136565.jpg,https://image.oliveyoung.co.kr/cfimages/cf-goods/uploads/images/options/item/2024/10/445193038768136565.jpg,67.56,138.27,139.58
롬앤,슬라이드 인 싱글,eye,G01 스노이,"5,400원",매트,https://image.oliveyoung.co.kr/cfimages/cf-goods/uploads/images/options/item/2024/10/6679969159053619234.jpg,https://image.oliveyoung.co.kr/cfimages/cf-goods/uploads/images/options/item/2024/10/6679969159053619234.jpg,227.58,128.42,127.94
롬앤,슬라이드 인 싱글,eye,G02 버터 링,"5,400원",매트,https://image.oliveyoung.co.kr/cfimages/cf-goods/uploads/images/options/item/2024/10/1110617382965740055.jpg,https://image.oliveyoung.co.kr/cfimages/cf-goods/uploads/images/options/item/2024/10/1110617382965740055.jpg,152.34,149.5,154.4
롬앤,슬라이드 인 싱글,eye,G05 누 메테오,"5,400원",매트,https://image.oliveyoung.co.kr/cfimages/cf-goods/uploads/images/options/item/2024/10/4118667253385937394.jpg,https://image.oliveyoung.co.kr/cfimages/cf-goods/uploads/images/options/item/2024/10/4118667253385937394.jpg,197.5,130.0,127.29
힌스,싱글 아이섀도우,eye,02 리플렉션,"8,900원",매트,https://image.oliveyoung.co.kr/cfimages/cf-goods/uploads/images/options/item/2025/5/6208107268812974213.jpg,https://image.oliveyoung.co.kr/cfimages/cf-goods/uploads/images/options/item/2025/5/6208107268812974213.jpg,210.59,134.02,142.52
힌스,싱글 아이섀도우,eye,03 실크 핑크,"8,900원",매트,https://image.oliveyoung.co.kr/cfimages/cf-goods/uploads/images/options/item/2025/5/168439418214410061.jpg,https://image.oliveyoung.co.kr/cfimages/cf-goods/uploads/images/options/item/2025/5/168439418214410061.jpg,202.78,140.04,138.59
힌스,싱글 아이섀도우,eye,04 진저 티,"8,900원",매트,https://image.oliveyoung.co.kr/cfimages/cf-goods/uploads/images/options/item/2025/5/7925688468184788549.jpg,https://image.oliveyoung.co.kr/cfimages/cf-goods/uploads/images/options/item/2025/5/7925688468184788549.jpg,203.85,140.09,142.13
힌스,싱글 아이섀도우,eye,05 펄리 피치,"8,900원",매트,https://image.oliveyoung.co.kr/cfimages/cf-goods/uploads/images/options/item/2025/5/5756951088149942527.jpg,https://image.oliveyoung.co.kr/cfimages/cf-goods/uploads/images/options/item/2025/5/5756951088149942527.jpg,210.26,143.68,137.61
힌스,싱글 아이섀도우,eye,06 포멜 로즈,"8,900원",매트,https://image.oliveyoung.co.kr/cfimages/cf-goods/uploads/images/options/item/2025/5/2960200570593771199.jpg,https://image.oliveyoung.co.kr/cfimages/cf-goods/uploads/images/options/item/2025/5/2960200570593771199.jpg,199.65,143.88,139.86
힌스,싱글 아이섀도우,eye,07 앤티크 피치,"8,900원",매트,https://image.oliveyoung.co.kr/cfimages/cf-goods/uploads/images/options/item/2025/5/8002688804648619202.jpg,https://image.oliveyoung.co.kr/cfimages/cf-goods/uploads/images/options/item/2025/5/8002688804648619202.jpg,196.57,140.97,141.31
힌스,싱글 아이섀도우,eye,08 어니스티,"8,900원",매트,https://image.oliveyoung.co.kr/cfimages/cf-goods/uploads/images/options/item/2025/5/3169542112451074408.jpg,https://image.oliveyoung.co.kr/cfimages/cf-goods/uploads/images/options/item/2025/5/3169542112451074408.jpg,212.7,136.37,135.3
힌스,싱글 아이섀도우,eye,09 토프 라떼,"8,900원",매트,https://image.oliveyoung.co.kr/cfimages/cf-goods/uploads/images/options/item/2025/5/3946864021459741569.jpg,https://image.oliveyoung.co.kr/cfimages/cf-goods/uploads/images/options/item/2025/5/3946864021459741569.jpg,191.76,137.0,140.37
힌스,싱글 아이섀도우,eye,11 카페인,"8,900원",매트,https://image.oliveyoung.co.kr/cfimages/cf-goods/uploads/images/options/item/2025/5/6430206765441305670.jpg,https://image.oliveyoung.co.kr/cfimages/cf-goods/uploads/images/options/item/2025/5/6430206765441305670.jpg,144.61,134.12,139.77
힌스,싱글 아이섀도우,eye,12 펄리 페탈,"8,900원",매트,https://image.oliveyoung.co.kr/cfimages/cf-goods/uploads/images/options/item/2025/5/1614400772549672364.jpg,https://image.oliveyoung.co.kr/cfimages/cf-goods/uploads/images/options/item/2025/5/1614400772549672364.jpg,200.97,143.47,134.03
힌스,싱글 아이섀도우,eye,13 피오니 로즈,"8,900원",매트,https://image.oliveyoung.co.kr/cfimages/cf-goods/uploads/images/options/item/2025/5/2414598070374583480.jpg,https://image.oliveyoung.co.kr/cfimages/cf-goods/uploads/images/options/item/2025/5/2414598070374583480.jpg,221.07,142.49,132.63
힌스,싱글 아이섀도우,eye,14 미스티 모브,"8,900원",매트,https://image.oliveyoung.co.kr/cfimages/cf-goods/uploads/images/options/item/2025/5/5517421925704987769.jpg,https://image.oliveyoung.co.kr/cfimages/cf-goods/uploads/images/options/item/2025/5/5517421925704987769.jpg,191.48,141.4,132.96
힌스,싱글 아이섀도우,eye,15 얼루어 인 모션,"8,900원",매트,https://image.oliveyoung.co.kr/cfimages/cf-goods/uploads/images/options/item/2025/5/4687683443602799688.jpg,https://image.oliveyoung.co.kr/cfimages/cf-goods/uploads/images/options/item/2025/5/4687683443602799688.jpg,197.11,138.53,133.86
힌스,싱글 아이섀도우,eye,16 시트론,"8,900원",매트,https://image.oliveyoung.co.kr/cfimages/cf-goods/uploads/images/options/item/2025/5/6330026231377655829.jpg,https://image.oliveyoung.co.kr/cfimages/cf-goods/uploads/images/options/item/2025/5/6330026231377655829.jpg,224.14,128.86,145.51
힌스,싱글 아이섀도우,eye,17 라일락 샤워,"8,900원",매트,https://image.oliveyoung.co.kr/cfimages/cf-goods/uploads/images/options/item/2025/5/8701317743989092844.jpg,https://image.oliveyoung.co.kr/cfimages/cf-goods/uploads/images/options/item/2025/5/8701317743989092844.jpg,228.56,132.31,126.78
힌스,싱글 아이섀도우,eye,18 샴페인 샤워,"8,900원",매트,https://image.oliveyoung.co.kr/cfimages/cf-goods/uploads/images/options/item/2025/5/1470040555701322172.jpg,https://image.oliveyoung.co.kr/cfimages/cf-goods/uploads/images/options/item/2025/5/1470040555701322172.jpg,225.59,131.75,138.81
힌스,싱글 아이섀도우,eye,19 로지 스파클,"8,900원",매트,https://image.oliveyoung.co.kr/cfimages/cf-goods/uploads/images/options/item/2025/5/3475369656628360496.jpg,https://image.oliveyoung.co.kr/cfimages/cf-goods/uploads/images/options/item/2025/5/3475369656628360496.jpg,194.82,145.8,133.03
힌스,싱글 아이섀도우,eye,20 비 마이 얼루어,"8,900원",매트,https://image.oliveyoung.co.kr/cfimages/cf-goods/uploads/images/options/item/2025/5/4208814365106084470.jpg,https://image.oliveyoung.co.kr/cfimages/cf-goods/uploads/images/options/item/2025/5/4208814365106084470.jpg,174.62,145.73,134.65
힌스,싱글 아이섀도우,eye,21 모카 프레소,"8,900원",매트,https://image.oliveyoung.co.kr/cfimages/cf-goods/uploads/images/options/item/2025/8/3740789682972513006.jpg,https://image.oliveyoung.co.kr/cfimages/cf-goods/uploads/images/options/item/2025/8/3740789682972513006.jpg,162.64,137.16,140.93
힌스,싱글 아이섀도우,eye,22 얼루어 로즈,"8,900원",매트,https://image.oliveyoung.co.kr/cfimages/cf-goods/uploads/images/options/item/2025/8/4680161277013969093.jpg,https://image.oliveyoung.co.kr/cfimages/cf-goods/uploads/images/options/item/2025/8/4680161277013969093.jpg,188.52,141.02,137.82
컬러그램,싱글 큐브 섀도우,eye,23 블루둥이,"4,500원",매트,https://image.oliveyoung.co.kr/cfimages/cf-goods/uploads/images/options/item/2025/7/4596036053842439072.png,https://image.oliveyoung.co.kr/cfimages/cf-goods/uploads/images/options/item/2025/7/4596036053842439072.png,219.2,129.39,125.97
컬러그램,싱글 큐브 섀도우,eye,24 분유베이지,"4,500원",매트,https://image.oliveyoung.co.kr/cfimages/cf-goods/uploads/images/options/item/2025/7/4454652394440847224.png,https://image.oliveyoung.co.kr/cfimages/cf-goods/uploads/images/options/item/2025/7/4454652394440847224.png,214.8,130.94,140.17
컬러그램,싱글 큐브 섀도우,eye,25 해삐햇빔,"4,500원",매트,https://image.oliveyoung.co.kr/cfimages/cf-goods/uploads/images/options/item/2025/7/3365205794976209285.png,https://image.oliveyoung.co.kr/cfimages/cf-goods/uploads/images/options/item/2025/7/3365205794976209285.png,207.63,129.2,133.85
컬러그램,싱글 큐브 섀도우,eye,26 당연보라,"4,500원",매트,https://image.oliveyoung.co.kr/cfimages/cf-goods/uploads/images/options/item/2025/7/3148614075288066433.png,https://image.oliveyoung.co.kr/cfimages/cf-goods/uploads/images/options/item/2025/7/3148614075288066433.png,203.48,136.78,126.22
컬러그램,싱글 큐브 섀도우,eye,27 초코핑,"4,500원",매트,https://image.oliveyoung.co.kr/cfimages/cf-goods/uploads/images/options/item/2025/7/8818125366304383069.png,https://image.oliveyoung.co.kr/cfimages/cf-goods/uploads/images/options/item/2025/7/8818125366304383069.png,168.97,142.55,130.34
컬러그램,싱글 큐브 섀도우,eye,28 장꾸코랄,"4,500원",매트,https://image.oliveyoung.co.kr/cfimages/cf-goods/uploads/images/options/item/2025/7/3608119415559363913.png,https://image.oliveyoung.co.kr/cfimages/cf-goods/uploads/images/options/item/2025/7/3608119415559363913.png,183.77,140.59,137.04
컬러그램,싱글 큐브 섀도우,eye,01 소금리터,"4,500원",매트,https://image.oliveyoung.co.kr/cfimages/cf-goods/uploads/images/options/item/2025/7/5667639026008929368.png,https://image.oliveyoung.co.kr/cfimages/cf-goods/uploads/images/options/item/2025/7/5667639026008929368.png,228.5,128.73,128.92
컬러그램,싱글 큐브 섀도우,eye,03 알콩달코랄,"4,500원",매트,https://image.oliveyoung.co.kr/cfimages/cf-goods/uploads/images/options/item/2025/7/8964359166217915954.png,https://image.oliveyoung.co.kr/cfimages/cf-goods/uploads/images/options/item/2025/7/8964359166217915954.png,217.06,140.93,132.6
컬러그램,싱글 큐브 섀도우,eye,04 호두둥탁,"4,500원",매트,https://image.oliveyoung.co.kr/cfimages/cf-goods/uploads/images/options/item/2025/7/5291309732626325127.png,https://image.oliveyoung.co.kr/cfimages/cf-goods/uploads/images/options/item/2025/7/5291309732626325127.png,210.75,138.13,137.45
컬러그램,싱글 큐브 섀도우,eye,06 애교베이지,"4,500원",매트,https://image.oliveyoung.co.kr/cfimages/cf-goods/uploads/images/options/item/2025/7/7804180232990044872.png,https://image.oliveyoung.co.kr/cfimages/cf-goods/uploads/images/options/item/2025/7/7804180232990044872.png,215.78,137.88,134.6
컬러그램,싱글 큐브 섀도우,eye,09 쿨트로베리,"4,500원",매트,https://image.oliveyoung.co.kr/cfimages/cf-goods/uploads/images/options/item/2025/7/6619141092737584382.png,https://image.oliveyoung.co.kr/cfimages/cf-goods/uploads/images/options/item/2025/7/6619141092737584382.png,214.98,141.38,129.31
컬러그램,싱글 큐브 섀도우,eye,10 쿨팅데이,"4,500원",매트,https://image.oliveyoung.co.kr/cfimages/cf-goods/uploads/images/options/item/2025/7/885696566369757152.png,https://image.oliveyoung.co.kr/cfimages/cf-goods/uploads/images/options/item/2025/7/885696566369757152.png,206.41,143.54,130.63
컬러그램,싱글 큐브 섀도우,eye,11 앙금로즈,"4,500원",매트,https://image.oliveyoung.co.kr/cfimages/cf-goods/uploads/images/options/item/2025/7/8466687964031938739.png,https://image.oliveyoung.co.kr/cfimages/cf-goods/uploads/images/options/item/2025/7/8466687964031938739.png,186.5,141.73,132.97
컬러그램,싱글 큐브 섀도우,eye,13 동굴브라운,"4,500원",매트,https://image.oliveyoung.co.kr/cfimages/cf-goods/uploads/images/options/item/2025/7/6756526160288419151.png,https://image.oliveyoung.co.kr/cfimages/cf-goods/uploads/images/options/item/2025/7/6756526160288419151.png,150.2,135.53,132.69
컬러그램,싱글 큐브 섀도우,eye,14 코랄포풍,"4,500원",매트,https://image.oliveyoung.co.kr/cfimages/cf-goods/uploads/images/options/item/2025/7/8702700770249878664.png,https://image.oliveyoung.co.kr/cfimages/cf-goods/uploads/images/options/item/2025/7/8702700770249878664.png,158.73,152.03,136.74
컬러그램,싱글 큐브 섀도우,eye,16 아라블랙,"4,500원",매트,https://image.oliveyoung.co.kr/cfimages/cf-goods/uploads/images/options/item/2025/7/6653273705305670320.png,https://image.oliveyoung.co.kr/cfimages/cf-goods/uploads/images/options/item/2025/7/6653273705305670320.png,128.67,128.49,127.45
컬러그램,싱글 큐브 섀도우,eye,18 두유럽미,"4,500원",매트,https://image.oliveyoung.co.kr/cfimages/cf-goods/uploads/images/options/item/2025/7/2349081279988335751.png,https://image.oliveyoung.co.kr/cfimages/cf-goods/uploads/images/options/item/2025/7/2349081279988335751.png,230.89,132.33,132.24
컬러그램,싱글 큐브 섀도우,eye,19 살구톡핑,"4,500원",매트,https://image.oliveyoung.co.kr/cfimages/cf-goods/uploads/images/options/item/2025/7/8554748611872334031.png,https://image.oliveyoung.co.kr/cfimages/cf-goods/uploads/images/options/item/2025/7/8554748611872334031.png,214.61,137.09,139.31
컬러그램,싱글 큐브 섀도우,eye,21 밀키윙크,"4,500원",매트,https://image.oliveyoung.co.kr/cfimages/cf-goods/uploads/images/options/item/2025/7/5885622335349270840.png,https://image.oliveyoung.co.kr/cfimages/cf-goods/uploads/images/options/item/2025/7/5885622335349270840.png,207.5,140.22,132.48
컬러그램,싱글 큐브 섀도우,eye,22 밀크티,"4,500원",매트,https://image.oliveyoung.co.kr/cfimages/cf-goods/uploads/images/options/item/2025/7/389063752903003179.png,https://image.oliveyoung.co.kr/cfimages/cf-goods/uploads/images/options/item/2025/7/389063752903003179.png,211.31,136.63,132.75
