brand,product_name,category,shade_name,price,finish,image_url,swatch_url,lab_L,lab_a,lab_b
롬앤,롬앤X조앤프렌즈 더 쥬시 래스팅 틴트,lip,03베어그레이프,"13,000원",글로시,https://image.oliveyoung.co.kr/cfimages/cf-goods/uploads/images/options/item/2025/10/2882272292801455773.jpg?qt=80,https://image.oliveyoung.co.kr/cfimages/cf-goods/uploads/images/options/item/2025/10/2882272292801455773.jpg?qt=80,153.48,154.89,140.26
롬앤,롬앤X조앤프렌즈 더 쥬시 래스팅 틴트,lip,29조선무화과,"13,000원",글로시,https://image.oliveyoung.co.kr/cfimages/cf-goods/uploads/images/options/item/2025/10/5393001537175336934.jpg?qt=80,https://image.oliveyoung.co.kr/cfimages/cf-goods/uploads/images/options/item/2025/10/5393001537175336934.jpg?qt=80,164.59,159.42,145.26
롬앤,롬앤X조앤프렌즈 더 쥬시 래스팅 틴트,lip,36키튼리치,"13,000원",글로시,https://image.oliveyoung.co.kr/cfimages/cf-goods/uploads/images/options/item/2025/10/5231416598541306642.jpg?qt=80,https://image.oliveyoung.co.kr/cfimages/cf-goods/uploads/images/options/item/2025/10/5231416598541306642.jpg?qt=80,159.1,152.46,137.78
롬앤,롬앤X조앤프렌즈 더 쥬시 래스팅 틴트,lip,37 구아바데이지,"13,000원",글로시,https://image.oliveyoung.co.kr/cfimages/cf-goods/uploads/images/options/item/2025/10/7811387496179214122.jpg?qt=80,https://image.oliveyoung.co.kr/cfimages/cf-goods/uploads/images/options/item/2025/10/7811387496179214122.jpg?qt=80,154.37,156.52,143.4
롬앤,롬앤X조앤프렌즈 더 쥬시 래스팅 틴트,lip,38 클라우디베리,"13,000원",글로시,https://image.oliveyoung.co.kr/cfimages/cf-goods/uploads/images/options/item/2025/10/8430109212102032961.jpg?qt=80,https://image.oliveyoung.co.kr/cfimages/cf-goods/uploads/images/options/item/2025/10/8430109212102032961.jpg?qt=80,163.35,140.25,133.87
롬앤,롬앤X조앤프렌즈 더 쥬시 래스팅 틴트,lip,31 탠드코코,"13,000원",글로시,https://image.oliveyoung.co.kr/cfimages/cf-goods/uploads/images/options/item/2025/9/2448662793072546621.jpg?qt=80,https://image.oliveyoung.co.kr/cfimages/cf-goods/uploads/images/options/item/2025/9/2448662793072546621.jpg?qt=80,157.24,146.47,143.76
롬앤,롬앤X조앤프렌즈 더 쥬시 래스팅 틴트,lip,32 태니 구아바,"13,000원",글로시,https://image.oliveyoung.co.kr/cfimages/cf-goods/uploads/images/options/item/2025/9/3826211627686065234.jpg?qt=80,https://image.oliveyoung.co.kr/cfimages/cf-goods/uploads/images/options/item/2025/9/3826211627686065234.jpg?qt=80,154.85,150.58,141.89
롬앤,롬앤X조앤프렌즈 더 쥬시 래스팅 틴트,lip,33 알로하 쥬시,"13,000원",글로시,https://image.oliveyoung.co.kr/cfimages/cf-goods/uploads/images/options/item/2025/9/4589236378951510391.jpg?qt=80,https://image.oliveyoung.co.kr/cfimages/cf-goods/uploads/images/options/item/2025/9/4589236378951510391.jpg?qt=80,156.68,160.12,146.49
롬앤,롬앤X조앤프렌즈 더 쥬시 래스팅 틴트,lip,23 피치 피치 미,"13,000원",글로시,https://image.oliveyoung.co.kr/cfimages/cf-goods/uploads/images/options/item/2025/5/6850055086780142867.jpg?qt=80,https://image.oliveyoung.co.kr/cfimages/cf-goods/uploads/images/options/item/2025/5/6850055086780142867.jpg?qt=80,155.11,158.54,141.15
롬앤,롬앤X조앤프렌즈 더 쥬시 래스팅 틴트,lip,01 포멜로 스킨,"13,000원",글로시,https://image.oliveyoung.co.kr/cfimages/cf-goods/uploads/images/options/item/2024/10/4316731574394208380.jpg?qt=80,https://image.oliveyoung.co.kr/cfimages/cf-goods/uploads/images/options/item/2024/10/4316731574394208380.jpg?qt=80,157.03,151.92,145.09
롬앤,롬앤X조앤프렌즈 더 쥬시 래스팅 틴트,lip,02 누카다미아,"13,000원",글로시,https://image.oliveyoung.co.kr/cfimages/cf-goods/uploads/images/options/item/2024/10/2015244051248127130.jpg?qt=80,https://image.oliveyoung.co.kr/cfimages/cf-goods/uploads/images/options/item/2024/10/2015244051248127130.jpg?qt=80,153.28,152.78,144.73
롬앤,롬앤X조앤프렌즈 더 쥬시 래스팅 틴트,lip,06 필링 앵두,"13,000원",글로시,https://image.oliveyoung.co.kr/cfimages/cf-goods/uploads/images/options/item/2024/10/5464784048396929770.jpg?qt=80,https://image.oliveyoung.co.kr/cfimages/cf-goods/uploads/images/options/item/2024/10/5464784048396929770.jpg?qt=80,137.92,156.19,141.93
롬앤,롬앤X조앤프렌즈 더 쥬시 래스팅 틴트,lip,29 조선 무화과,"13,000원",글로시,https://image.oliveyoung.co.kr/cfimages/cf-goods/uploads/images/options/item/2025/2/7542010945411666115.jpg?qt=80,https://image.oliveyoung.co.kr/cfimages/cf-goods/uploads/images/options/item/2025/2/7542010945411666115.jpg?qt=80,164.14,159.47,145.27
롬앤,롬앤X조앤프렌즈 더 쥬시 래스팅 틴트,lip,04 피그 피그,"13,000원",글로시,https://image.oliveyoung.co.kr/cfimages/cf-goods/uploads/images/options/item/2024/10/6436079392603094839.jpg?qt=80,https://image.oliveyoung.co.kr/cfimages/cf-goods/uploads/images/options/item/2024/10/6436079392603094839.jpg?qt=80,144.09,157.06,140.23
롬앤,롬앤X조앤프렌즈 더 쥬시 래스팅 틴트,lip,05 쥬쥬브,"13,000원",글로시,https://image.oliveyoung.co.kr/cfimages/cf-goods/uploads/images/options/item/2024/10/3948180524163708525.jpg?qt=80,https://image.oliveyoung.co.kr/cfimages/cf-goods/uploads/images/options/item/2024/10/3948180524163708525.jpg?qt=80,141.58,160.21,145.58
롬앤,롬앤X조앤프렌즈 더 쥬시 래스팅 틴트,lip,08 핑크 펌킨,"13,000원",글로시,https://image.oliveyoung.co.kr/cfimages/cf-goods/uploads/images/options/item/2024/10/7531780863280431372.jpg?qt=80,https://image.oliveyoung.co.kr/cfimages/cf-goods/uploads/images/options/item/2024/10/7531780863280431372.jpg?qt=80,145.79,161.1,150.44
롬앤,롬앤X조앤프렌즈 더 쥬시 래스팅 틴트,lip,07 체리 밤,"13,000원",글로시,https://image.oliveyoung.co.kr/cfimages/cf-goods/uploads/images/options/item/2024/10/7342960349203903404.jpg?qt=80,https://image.oliveyoung.co.kr/cfimages/cf-goods/uploads/images/options/item/2024/10/7342960349203903404.jpg?qt=80,119.61,164.02,151.31
롬앤,롬앤X조앤프렌즈 더 쥬시 래스팅 틴트,lip,09 멀드 피치,"13,000원",글로시,https://image.oliveyoung.co.kr/cfimages/cf-goods/uploads/images/options/item/2024/10/4758657525068654201.jpg?qt=80,https://image.oliveyoung.co.kr/cfimages/cf-goods/uploads/images/options/item/2024/10/4758657525068654201.jpg?qt=80,152.74,154.16,145.03
롬앤,롬앤X조앤프렌즈 더 쥬시 래스팅 틴트,lip,10 베어 애프리콧,"13,000원",글로시,https://image.oliveyoung.co.kr/cfimages/cf-goods/uploads/images/options/item/2024/10/582552948452157284.jpg?qt=80,https://image.oliveyoung.co.kr/cfimages/cf-goods/uploads/images/options/item/2024/10/582552948452157284.jpg?qt=80,160.16,160.65,146.9
롬앤,롬앤X조앤프렌즈 더 쥬시 래스팅 틴트,lip,11 파파야 잼,"13,000원",글로시,https://image.oliveyoung.co.kr/cfimages/cf-goods/uploads/images/options/item/2024/10/3785346349360767770.jpg?qt=80,https://image.oliveyoung.co.kr/cfimages/cf-goods/uploads/images/options/item/2024/10/3785346349360767770.jpg?qt=80,150.03,161.02,148.93
롬앤,롬앤X조앤프렌즈 더 쥬시 래스팅 틴트,lip,12 애플 브라운,"13,000원",글로시,https://image.oliveyoung.co.kr/cfimages/cf-goods/uploads/images/options/item/2024/10/2500899350478233099.jpg?qt=80,https://image.oliveyoung.co.kr/cfimages/cf-goods/uploads/images/options/item/2024/10/2500899350478233099.jpg?qt=80,145.62,158.21,154.83
롬앤,롬앤X조앤프렌즈 더 쥬시 래스팅 틴트,lip,13 잇 도토리,"13,000원",글로시,https://image.oliveyoung.co.kr/cfimages/cf-goods/uploads/images/options/item/2024/10/2928889824846060021.jpg?qt=80,https://image.oliveyoung.co.kr/cfimages/cf-goods/uploads/images/options/item/2024/10/2928889824846060021.jpg?qt=80,130.09,157.44,152.35
롬앤,롬앤X조앤프렌즈 더 쥬시 래스팅 틴트,lip,14 아몬드 로즈,"13,000원",글로시,https://image.oliveyoung.co.kr/cfimages/cf-goods/uploads/images/options/item/2024/10/6575125753371264998.jpg?qt=80,https://image.oliveyoung.co.kr/cfimages/cf-goods/uploads/images/options/item/2024/10/6575125753371264998.jpg?qt=80,140.76,151.68,141.38
롬앤,롬앤X조앤프렌즈 더 쥬시 래스팅 틴트,lip,15 베어 피그,"13,000원",글로시,https://image.oliveyoung.co.kr/cfimages/cf-goods/uploads/images/options/item/2024/10/6260282439074259305.jpg?qt=80,https://image.oliveyoung.co.kr/cfimages/cf-goods/uploads/images/options/item/2024/10/6260282439074259305.jpg?qt=80,138.37,156.63,136.71
롬앤,롬앤X조앤프렌즈 더 쥬시 래스팅 틴트,lip,16 플럼 콕,"13,000원",글로시,https://image.oliveyoung.co.kr/cfimages/cf-goods/uploads/images/options/item/2024/10/4682844088091126804.jpg?qt=80,https://image.oliveyoung.co.kr/cfimages/cf-goods/uploads/images/options/item/2024/10/4682844088091126804.jpg?qt=80,112.65,162.72,142.26
롬앤,롬앤X조앤프렌즈 더 쥬시 래스팅 틴트,lip,17 다크 코코넛,"13,000원",글로시,https://image.oliveyoung.co.kr/cfimages/cf-goods/uploads/images/options/item/2024/10/8372005253729831552.jpg?qt=80,https://image.oliveyoung.co.kr/cfimages/cf-goods/uploads/images/options/item/2024/10/8372005253729831552.jpg?qt=80,130.52,152.27,145.98
롬앤,롬앤X조앤프렌즈 더 쥬시 래스팅 틴트,lip,19 썸머 센트,"13,000원",글로시,https://image.oliveyoung.co.kr/cfimages/cf-goods/uploads/images/options/item/2024/10/4079500626098255974.jpg?qt=80,https://image.oliveyoung.co.kr/cfimages/cf-goods/uploads/images/options/item/2024/10/4079500626098255974.jpg?qt=80,138.97,171.39,151.79
롬앤,롬앤X조앤프렌즈 더 쥬시 래스팅 틴트,lip,20 쥬쥬 피그,"13,000원",글로시,https://image.oliveyoung.co.kr/cfimages/cf-goods/uploads/images/options/item/2024/10/8333375471242898717.jpg?qt=80,https://image.oliveyoung.co.kr/cfimages/cf-goods/uploads/images/options/item/2024/10/8333375471242898717.jpg?qt=80,145.86,158.63,141.99
롬앤,롬앤X조앤프렌즈 더 쥬시 래스팅 틴트,lip,21 그레이프 밤,"13,000원",글로시,https://image.oliveyoung.co.kr/cfimages/cf-goods/uploads/images/options/item/2024/10/3874851848027251752.jpg?qt=80,https://image.oliveyoung.co.kr/cfimages/cf-goods/uploads/images/options/item/2024/10/3874851848027251752.jpg?qt=80,135.2,165.75,141.45
롬앤,롬앤X조앤프렌즈 더 쥬시 래스팅 틴트,lip,22 도토리 밤,"13,000원",글로시,https://image.oliveyoung.co.kr/cfimages/cf-goods/uploads/images/options/item/2024/10/36644054988404752.jpg?qt=80,https://image.oliveyoung.co.kr/cfimages/cf-goods/uploads/images/options/item/2024/10/36644054988404752.jpg?qt=80,126.28,162.26,149.93
롬앤,롬앤X조앤프렌즈 더 쥬시 래스팅 틴트,lip,24 베어 쥬시 오,"13,000원",글로시,https://image.oliveyoung.co.kr/cfimages/cf-goods/uploads/images/options/item/2024/10/682305848570442164.jpg?qt=80,https://image.oliveyoung.co.kr/cfimages/cf-goods/uploads/images/options/item/2024/10/682305848570442164.jpg?qt=80,154.54,154.97,151.92
롬앤,롬앤X조앤프렌즈 더 쥬시 래스팅 틴트,lip,26 신비 복숭아,"13,000원",글로시,https://image.oliveyoung.co.kr/cfimages/cf-goods/uploads/images/options/item/2025/2/7961376788717389236.jpg?qt=80,https://image.oliveyoung.co.kr/cfimages/cf-goods/uploads/images/options/item/2025/2/7961376788717389236.jpg?qt=80,159.4,164.45,146.61
롬앤,롬앤X조앤프렌즈 더 쥬시 래스팅 틴트,lip,27 허니 듀 멜론,"13,000원",글로시,https://image.oliveyoung.co.kr/cfimages/cf-goods/uploads/images/options/item/2025/2/6740256511914592944.jpg?qt=80,https://image.oliveyoung.co.kr/cfimages/cf-goods/uploads/images/options/item/2025/2/6740256511914592944.jpg?qt=80,173.02,156.29,147.78
롬앤,롬앤X조앤프렌즈 더 쥬시 래스팅 틴트,lip,28 설화 딸기,"13,000원",글로시,https://image.oliveyoung.co.kr/cfimages/cf-goods/uploads/images/options/item/2025/2/7496722253179763596.jpg?qt=80,https://image.oliveyoung.co.kr/cfimages/cf-goods/uploads/images/options/item/2025/2/7496722253179763596.jpg?qt=80,169.67,159.02,140.54
롬앤,롬앤X조앤프렌즈 더 쥬시 래스팅 틴트,lip,30 보늬 밤,"13,000원",글로시,https://image.oliveyoung.co.kr/cfimages/cf-goods/uploads/images/options/item/2025/2/3290255531642870079.jpg?qt=80,https://image.oliveyoung.co.kr/cfimages/cf-goods/uploads/images/options/item/2025/2/3290255531642870079.jpg?qt=80,160.57,155.86,150.74
롬앤,롬앤X조앤프렌즈 글래스팅 멜팅 밤,lip,19 핑크젤리,"13,000원",글로시,https://image.oliveyoung.co.kr/cfimages/cf-goods/uploads/images/options/item/2025/10/7200985710208822051.jpg,https://image.oliveyoung.co.kr/cfimages/cf-goods/uploads/images/options/item/2025/10/7200985710208822051.jpg,176.89,166.62,119.81
롬앤,롬앤X조앤프렌즈 글래스팅 멜팅 밤,lip,20 데이지젤리,"13,000원",글로시,https://image.oliveyoung.co.kr/cfimages/cf-goods/uploads/images/options/item/2025/10/3314528195961473263.jpg,https://image.oliveyoung.co.kr/cfimages/cf-goods/uploads/images/options/item/2025/10/3314528195961473263.jpg,156.77,175.8,153.27
롬앤,롬앤X조앤프렌즈 글래스팅 멜팅 밤,lip,1호 코코 누드,"13,000원",글로시,https://image.oliveyoung.co.kr/cfimages/cf-goods/uploads/images/options/item/2024/6/13021827409700394.jpg,https://image.oliveyoung.co.kr/cfimages/cf-goods/uploads/images/options/item/2024/6/13021827409700394.jpg,171.42,160.46,156.35
롬앤,롬앤X조앤프렌즈 글래스팅 멜팅 밤,lip,2호 러비 핑크,"13,000원",글로시,https://image.oliveyoung.co.kr/cfimages/cf-goods/uploads/images/options/item/2024/6/3147158587594219526.jpg,https://image.oliveyoung.co.kr/cfimages/cf-goods/uploads/images/options/item/2024/6/3147158587594219526.jpg,156.4,190.08,147.7
롬앤,롬앤X조앤프렌즈 글래스팅 멜팅 밤,lip,3호 소르베 밤,"13,000원",글로시,https://image.oliveyoung.co.kr/cfimages/cf-goods/uploads/images/options/item/2024/6/1695833783295986114.jpg,https://image.oliveyoung.co.kr/cfimages/cf-goods/uploads/images/options/item/2024/6/1695833783295986114.jpg,143.27,178,160.69
롬앤,롬앤X조앤프렌즈 글래스팅 멜팅 밤,lip,4호 히피 베리,"13,000원",글로시,https://image.oliveyoung.co.kr/cfimages/cf-goods/uploads/images/options/item/2024/6/3185935467562177409.jpg,https://image.oliveyoung.co.kr/cfimages/cf-goods/uploads/images/options/item/2024/6/3185935467562177409.jpg,104.76,186.24,156.62
롬앤,롬앤X조앤프렌즈 글래스팅 멜팅 밤,lip,5호 누가 샌드,"13,000원",글로시,https://image.oliveyoung.co.kr/cfimages/cf-goods/uploads/images/options/item/2024/6/5049726587735299038.jpg,https://image.oliveyoung.co.kr/cfimages/cf-goods/uploads/images/options/item/2024/6/5049726587735299038.jpg,125.06,159.64,152.55
롬앤,롬앤X조앤프렌즈 글래스팅 멜팅 밤,lip,06호 카야 피그,"13,000원",글로시,https://image.oliveyoung.co.kr/cfimages/cf-goods/uploads/images/options/item/2024/6/1645306708119752931.jpg,https://image.oliveyoung.co.kr/cfimages/cf-goods/uploads/images/options/item/2024/6/1645306708119752931.jpg,132.75,174.15,151.12
롬앤,롬앤X조앤프렌즈 글래스팅 멜팅 밤,lip,7호 모브 휩,"13,000원",글로시,https://image.oliveyoung.co.kr/cfimages/cf-goods/uploads/images/options/item/2024/6/4572726851493958128.jpg,https://image.oliveyoung.co.kr/cfimages/cf-goods/uploads/images/options/item/2024/6/4572726851493958128.jpg,112.66,167.74,140.87
롬앤,롬앤X조앤프렌즈 글래스팅 멜팅 밤,lip,8호 코랄리아,"13,000원",글로시,https://image.oliveyoung.co.kr/cfimages/cf-goods/uploads/images/options/item/2024/6/7818021786708170644.jpg,https://image.oliveyoung.co.kr/cfimages/cf-goods/uploads/images/options/item/2024/6/7818021786708170644.jpg,175.44,171.43,164.56
롬앤,롬앤X조앤프렌즈 글래스팅 멜팅 밤,lip,10호 누 베이지,"13,000원",글로시,https://image.oliveyoung.co.kr/cfimages/cf-goods/uploads/images/options/item/2024/6/3352972568707039551.jpg,https://image.oliveyoung.co.kr/cfimages/cf-goods/uploads/images/options/item/2024/6/3352972568707039551.jpg,155.84,149.86,155.29
롬앤,롬앤X조앤프렌즈 글래스팅 멜팅 밤,lip,11호 버피 코랄,"13,000원",글로시,https://image.oliveyoung.co.kr/cfimages/cf-goods/uploads/images/options/item/2024/6/5495643025512437472.jpg,https://image.oliveyoung.co.kr/cfimages/cf-goods/uploads/images/options/item/2024/6/5495643025512437472.jpg,157.29,155.26,152.38
롬앤,롬앤X조앤프렌즈 글래스팅 멜팅 밤,lip,12호 베일드 로즈,"13,000원",글로시,https://image.oliveyoung.co.kr/cfimages/cf-goods/uploads/images/options/item/2024/6/5309245994623647082.jpg,https://image.oliveyoung.co.kr/cfimages/cf-goods/uploads/images/options/item/2024/6/5309245994623647082.jpg,119.72,159.87,138.63
롬앤,롬앤X조앤프렌즈 글래스팅 멜팅 밤,lip,13호 스카치 누드,"13,000원",글로시,https://image.oliveyoung.co.kr/cfimages/cf-goods/uploads/images/options/item/2024/6/1326636200051983233.jpg,https://image.oliveyoung.co.kr/cfimages/cf-goods/uploads/images/options/item/2024/6/1326636200051983233.jpg,125.64,157.24,149.82
롬앤,롬앤X조앤프렌즈 글래스팅 멜팅 밤,lip,14호 디어 애플,"13,000원",글로시,https://image.oliveyoung.co.kr/cfimages/cf-goods/uploads/images/options/item/2024/6/7742196865251281742.jpg,https://image.oliveyoung.co.kr/cfimages/cf-goods/uploads/images/options/item/2024/6/7742196865251281742.jpg,131.89,169.82,149.57
롬앤,롬앤X조앤프렌즈 글래스팅 멜팅 밤,lip,15호 피칸 브루,"13,000원",글로시,https://image.oliveyoung.co.kr/cfimages/cf-goods/uploads/images/options/item/2024/6/8269582200765028250.jpg,https://image.oliveyoung.co.kr/cfimages/cf-goods/uploads/images/options/item/2024/6/8269582200765028250.jpg,109.67,164.86,155.39
롬앤,롬앤X조앤프렌즈 글래스팅 멜팅 밤,lip,16호 키튼 피치,"13,000원",글로시,https://image.oliveyoung.co.kr/cfimages/cf-goods/uploads/images/options/item/2024/6/3237312090472477517.jpg,https://image.oliveyoung.co.kr/cfimages/cf-goods/uploads/images/options/item/2024/6/3237312090472477517.jpg,147.17,176.34,152.31
롬앤,롬앤X조앤프렌즈 글래스팅 컬러 글로스,lip,19 조이베리,"13,000원",글로시,https://image.oliveyoung.co.kr/cfimages/cf-goods/uploads/images/options/item/2025/10/8887908056799238026.jpg,https://image.oliveyoung.co.kr/cfimages/cf-goods/uploads/images/options/item/2025/10/8887908056799238026.jpg,151.17,186.4,146.35
롬앤,롬앤X조앤프렌즈 글래스팅 컬러 글로스,lip,20 클라우드민트,"13,000원",글로시,https://image.oliveyoung.co.kr/cfimages/cf-goods/uploads/images/options/item/2025/10/247455755104124422.jpg,https://image.oliveyoung.co.kr/cfimages/cf-goods/uploads/images/options/item/2025/10/247455755104124422.jpg,242.34,124.78,127.83
롬앤,롬앤X조앤프렌즈 글래스팅 컬러 글로스,lip,13구아바크림,"13,000원",글로시,https://image.oliveyoung.co.kr/cfimages/cf-goods/uploads/images/options/item/2025/8/1363283841015724110.jpg,https://image.oliveyoung.co.kr/cfimages/cf-goods/uploads/images/options/item/2025/8/1363283841015724110.jpg,163.15,166.68,147.05
롬앤,롬앤X조앤프렌즈 글래스팅 컬러 글로스,lip,01 피오니 발레,"13,000원",글로시,https://image.oliveyoung.co.kr/cfimages/cf-goods/uploads/images/options/item/2024/10/3312726927925947327.jpg,https://image.oliveyoung.co.kr/cfimages/cf-goods/uploads/images/options/item/2024/10/3312726927925947327.jpg,198.57,153.78,134.32
롬앤,롬앤X조앤프렌즈 글래스팅 컬러 글로스,lip,02 너티 베이그,"13,000원",글로시,https://image.oliveyoung.co.kr/cfimages/cf-goods/uploads/images/options/item/2024/10/3700566208065838769.jpg,https://image.oliveyoung.co.kr/cfimages/cf-goods/uploads/images/options/item/2024/10/3700566208065838769.jpg,157.08,153.42,149.56
롬앤,롬앤X조앤프렌즈 글래스팅 컬러 글로스,lip,03 로즈 핀치,"13,000원",글로시,https://image.oliveyoung.co.kr/cfimages/cf-goods/uploads/images/options/item/2024/10/5391958360867285581.jpg,https://image.oliveyoung.co.kr/cfimages/cf-goods/uploads/images/options/item/2024/10/5391958360867285581.jpg,122.82,162.01,143.16
롬앤,롬앤X조앤프렌즈 글래스팅 컬러 글로스,lip,04 그레이피 웨이,"13,000원",글로시,https://image.oliveyoung.co.kr/cfimages/cf-goods/uploads/images/options/item/2024/10/8749445854276018976.jpg,https://image.oliveyoung.co.kr/cfimages/cf-goods/uploads/images/options/item/2024/10/8749445854276018976.jpg,123.75,167.43,136.16
롬앤,롬앤X조앤프렌즈 글래스팅 컬러 글로스,lip,05 딤 모브,"13,000원",글로시,https://image.oliveyoung.co.kr/cfimages/cf-goods/uploads/images/options/item/2024/10/352501361360904618.jpg,https://image.oliveyoung.co.kr/cfimages/cf-goods/uploads/images/options/item/2024/10/352501361360904618.jpg,130.51,157.75,142.84
롬앤,롬앤X조앤프렌즈 글래스팅 컬러 글로스,lip,06 디픈 무어,"13,000원",글로시,https://image.oliveyoung.co.kr/cfimages/cf-goods/uploads/images/options/item/2024/10/2668918532001679438.jpg,https://image.oliveyoung.co.kr/cfimages/cf-goods/uploads/images/options/item/2024/10/2668918532001679438.jpg,115.2,154.32,147.75
롬앤,롬앤X조앤프렌즈 글래스팅 컬러 글로스,lip,07 스프링 피버,"13,000원",글로시,https://image.oliveyoung.co.kr/cfimages/cf-goods/uploads/images/options/item/2024/10/2617762997948037836.jpg,https://image.oliveyoung.co.kr/cfimages/cf-goods/uploads/images/options/item/2024/10/2617762997948037836.jpg,139.08,184.61,159.07
롬앤,롬앤X조앤프렌즈 글래스팅 컬러 글로스,lip,08 체리 업,"13,000원",글로시,https://image.oliveyoung.co.kr/cfimages/cf-goods/uploads/images/options/item/2024/10/8497355211897345829.jpg,https://image.oliveyoung.co.kr/cfimages/cf-goods/uploads/images/options/item/2024/10/8497355211897345829.jpg,114.78,190.07,149.63
롬앤,롬앤X조앤프렌즈 글래스팅 컬러 글로스,lip,12 크림 쉘,"13,000원",글로시,https://image.oliveyoung.co.kr/cfimages/cf-goods/uploads/images/options/item/2025/9/5660998803556540422.jpg,https://image.oliveyoung.co.kr/cfimages/cf-goods/uploads/images/options/item/2025/9/5660998803556540422.jpg,199.43,148.46,144.05
롬앤,롬앤X조앤프렌즈 블러 퍼지 틴트,lip,02 로지엔탈,"13,000원",매트,https://image.oliveyoung.co.kr/cfimages/cf-goods/uploads/images/options/item/2025/10/921042354078943866.jpg,https://image.oliveyoung.co.kr/cfimages/cf-goods/uploads/images/options/item/2025/10/921042354078943866.jpg,103.06,168.37,148.89
롬앤,롬앤X조앤프렌즈 블러 퍼지 틴트,lip,07 쿨로즈업,"13,000원",매트,https://image.oliveyoung.co.kr/cfimages/cf-goods/uploads/images/options/item/2025/10/4228323011389839465.jpg,https://image.oliveyoung.co.kr/cfimages/cf-goods/uploads/images/options/item/2025/10/4228323011389839465.jpg,94.92,168.27,141.52
롬앤,롬앤X조앤프렌즈 블러 퍼지 틴트,lip,01 포멜로코,"13,000원",매트,https://image.oliveyoung.co.kr/cfimages/cf-goods/uploads/images/options/item/2021/10/3884672359171443806.jpg,https://image.oliveyoung.co.kr/cfimages/cf-goods/uploads/images/options/item/2021/10/3884672359171443806.jpg,110.31,167.69,155.46
롬앤,롬앤X조앤프렌즈 블러 퍼지 틴트,lip,03 머스키,"13,000원",매트,https://image.oliveyoung.co.kr/cfimages/cf-goods/uploads/images/options/item/2021/10/5737448596997584277.jpg,https://image.oliveyoung.co.kr/cfimages/cf-goods/uploads/images/options/item/2021/10/5737448596997584277.jpg,65.61,160.89,148.76
롬앤,롬앤X조앤프렌즈 블러 퍼지 틴트,lip,04 라드 우드,"13,000원",매트,https://image.oliveyoung.co.kr/cfimages/cf-goods/uploads/images/options/item/2021/10/7201640413642972562.jpg,https://image.oliveyoung.co.kr/cfimages/cf-goods/uploads/images/options/item/2021/10/7201640413642972562.jpg,63.02,151.31,142.34
롬앤,롬앤X조앤프렌즈 블러 퍼지 틴트,lip,05 비비 캔디,"13,000원",매트,https://image.oliveyoung.co.kr/cfimages/cf-goods/uploads/images/options/item/2021/10/3086501016641404156.jpg,https://image.oliveyoung.co.kr/cfimages/cf-goods/uploads/images/options/item/2021/10/3086501016641404156.jpg,114.22,186.29,140.03
롬앤,롬앤X조앤프렌즈 블러 퍼지 틴트,lip,06 모비쉬,"13,000원",매트,https://image.oliveyoung.co.kr/cfimages/cf-goods/uploads/images/options/item/2021/10/8370708297383146435.jpg,https://image.oliveyoung.co.kr/cfimages/cf-goods/uploads/images/options/item/2021/10/8370708297383146435.jpg,102.21,162.61,138.13
롬앤,롬앤X조앤프렌즈 블러 퍼지 틴트,lip,08 커런트 잼,"13,000원",매트,https://image.oliveyoung.co.kr/cfimages/cf-goods/uploads/images/options/item/2021/10/819455264497114888.jpg,https://image.oliveyoung.co.kr/cfimages/cf-goods/uploads/images/options/item/2021/10/819455264497114888.jpg,71.95,165.04,143.7
롬앤,롬앤X조앤프렌즈 블러 퍼지 틴트,lip,09 코랄 쥬빌레,"13,000원",매트,https://image.oliveyoung.co.kr/cfimages/cf-goods/uploads/images/options/item/2022/3/2665518912225156042.jpg,https://image.oliveyoung.co.kr/cfimages/cf-goods/uploads/images/options/item/2022/3/2665518912225156042.jpg,130.87,193.31,166.3
롬앤,롬앤X조앤프렌즈 블러 퍼지 틴트,lip,10 퍼지 레드,"13,000원",매트,https://image.oliveyoung.co.kr/cfimages/cf-goods/uploads/images/options/item/2022/3/89564013014399370.jpg,https://image.oliveyoung.co.kr/cfimages/cf-goods/uploads/images/options/item/2022/3/89564013014399370.jpg,121.88,194.46,170.35
롬앤,롬앤X조앤프렌즈 블러 퍼지 틴트,lip,11 푸시아 바이브,"13,000원",매트,https://image.oliveyoung.co.kr/cfimages/cf-goods/uploads/images/options/item/2022/3/1758413801053219496.jpg,https://image.oliveyoung.co.kr/cfimages/cf-goods/uploads/images/options/item/2022/3/1758413801053219496.jpg,121.9,195.17,162.37
롬앤,롬앤X조앤프렌즈 블러 퍼지 틴트,lip,12 웜밍 업,"13,000원",매트,https://image.oliveyoung.co.kr/cfimages/cf-goods/uploads/images/options/item/2023/5/9023632122775261249.JPG,https://image.oliveyoung.co.kr/cfimages/cf-goods/uploads/images/options/item/2023/5/9023632122775261249.JPG,158.34,161.49,155.05
롬앤,롬앤X조앤프렌즈 블러 퍼지 틴트,lip,13 쿨링 업,"13,000원",매트,https://image.oliveyoung.co.kr/cfimages/cf-goods/uploads/images/options/item/2023/5/7477141159551149564.JPG,https://image.oliveyoung.co.kr/cfimages/cf-goods/uploads/images/options/item/2023/5/7477141159551149564.JPG,159.18,172.32,140.63
롬앤,롬앤X조앤프렌즈 블러 퍼지 틴트,lip,14 언로즈,"13,000원",매트,https://image.oliveyoung.co.kr/cfimages/cf-goods/uploads/images/options/item/2023/5/4137575495834286354.JPG,https://image.oliveyoung.co.kr/cfimages/cf-goods/uploads/images/options/item/2023/5/4137575495834286354.JPG,152.1,185.41,152.49
롬앤,롬앤X조앤프렌즈 블러 퍼지 틴트,lip,15 베리 피즈,"13,000원",매트,https://image.oliveyoung.co.kr/cfimages/cf-goods/uploads/images/options/item/2023/5/2910919794752418885.JPG,https://image.oliveyoung.co.kr/cfimages/cf-goods/uploads/images/options/item/2023/5/2910919794752418885.JPG,154.01,185.18,141.19
롬앤,롬앤X조앤프렌즈 블러 퍼지 틴트,lip,17 피치 다운,"13,000원",매트,https://image.oliveyoung.co.kr/cfimages/cf-goods/uploads/images/options/item/2024/6/2027165490826633308.jpg,https://image.oliveyoung.co.kr/cfimages/cf-goods/uploads/images/options/item/2024/6/2027165490826633308.jpg,135.39,160.39,146.03
롬앤,롬앤 제로 매트 립스틱,lip,22 모브 빈즈,"12,000원",매트,https://image.oliveyoung.co.kr/cfimages/cf-goods/uploads/images/options/item/2022/9/475119716932853256.jpg,https://image.oliveyoung.co.kr/cfimages/cf-goods/uploads/images/options/item/2022/9/475119716932853256.jpg,120.23,162.01,135.17
롬앤,롬앤 제로 매트 립스틱,lip,01 더스티핑크,"12,000원",매트,https://image.oliveyoung.co.kr/cfimages/cf-goods/uploads/images/options/item/2020/8/545825921271428489.jpg,https://image.oliveyoung.co.kr/cfimages/cf-goods/uploads/images/options/item/2020/8/545825921271428489.jpg,103.83,165.74,140.22
롬앤,롬앤 제로 매트 립스틱,lip,02 올 댓 재즈,"12,000원",매트,https://image.oliveyoung.co.kr/cfimages/cf-goods/uploads/images/options/item/2020/8/6217530507291342944.jpg,https://image.oliveyoung.co.kr/cfimages/cf-goods/uploads/images/options/item/2020/8/6217530507291342944.jpg,92.74,174.84,160.49
롬앤,롬앤 제로 매트 립스틱,lip,03 실루엣,"12,000원",매트,https://image.oliveyoung.co.kr/cfimages/cf-goods/uploads/images/options/item/2020/8/7243807980260488164.jpg,https://image.oliveyoung.co.kr/cfimages/cf-goods/uploads/images/options/item/2020/8/7243807980260488164.jpg,85.8,165.73,148.68
롬앤,롬앤 제로 매트 립스틱,lip,04 비포 선셋,"12,000원",매트,https://image.oliveyoung.co.kr/cfimages/cf-goods/uploads/images/options/item/2020/8/6587798307360781515.jpg,https://image.oliveyoung.co.kr/cfimages/cf-goods/uploads/images/options/item/2020/8/6587798307360781515.jpg,98.54,170.57,144
롬앤,롬앤 제로 매트 립스틱,lip,05 이브닝,"12,000원",매트,https://image.oliveyoung.co.kr/cfimages/cf-goods/uploads/images/options/item/2020/8/8064504524408013160.jpg,https://image.oliveyoung.co.kr/cfimages/cf-goods/uploads/images/options/item/2020/8/8064504524408013160.jpg,90.25,164.23,153.69
롬앤,롬앤 제로 매트 립스틱,lip,06 어썸,"12,000원",매트,https://image.oliveyoung.co.kr/cfimages/cf-goods/uploads/images/options/item/2020/8/8140705600467554305.jpg,https://image.oliveyoung.co.kr/cfimages/cf-goods/uploads/images/options/item/2020/8/8140705600467554305.jpg,131.4,181.62,160.73
롬앤,롬앤 제로 매트 립스틱,lip,07 엔비 미,"12,000원",매트,https://image.oliveyoung.co.kr/cfimages/cf-goods/uploads/images/options/item/2020/8/7663972885761392881.jpg,https://image.oliveyoung.co.kr/cfimages/cf-goods/uploads/images/options/item/2020/8/7663972885761392881.jpg,129.35,172.85,149.46
롬앤,롬앤 제로 매트 립스틱,lip,08 어도러블,"12,000원",매트,https://image.oliveyoung.co.kr/cfimages/cf-goods/uploads/images/options/item/2020/8/2170675825366118809.jpg,https://image.oliveyoung.co.kr/cfimages/cf-goods/uploads/images/options/item/2020/8/2170675825366118809.jpg,128.45,181.71,160.11
롬앤,롬앤 제로 매트 립스틱,lip,10 핑크 샌드,"12,000원",매트,https://image.oliveyoung.co.kr/cfimages/cf-goods/uploads/images/options/item/2020/8/8926418240703851723.jpg,https://image.oliveyoung.co.kr/cfimages/cf-goods/uploads/images/options/item/2020/8/8926418240703851723.jpg,130.44,169.02,142.47
롬앤,롬앤 제로 매트 립스틱,lip,11 선라이트,"12,000원",매트,https://image.oliveyoung.co.kr/cfimages/cf-goods/uploads/images/options/item/2020/8/6905576617829417284.jpg,https://image.oliveyoung.co.kr/cfimages/cf-goods/uploads/images/options/item/2020/8/6905576617829417284.jpg,117.14,195.23,154.96
롬앤,롬앤 제로 매트 립스틱,lip,12 썸띵,"12,000원",매트,https://image.oliveyoung.co.kr/cfimages/cf-goods/uploads/images/options/item/2020/8/8147456667426432035.jpg,https://image.oliveyoung.co.kr/cfimages/cf-goods/uploads/images/options/item/2020/8/8147456667426432035.jpg,113.94,191.72,159.03
롬앤,롬앤 제로 매트 립스틱,lip,13 레드 카펫,"12,000원",매트,https://image.oliveyoung.co.kr/cfimages/cf-goods/uploads/images/options/item/2020/8/4460289671945872071.jpg,https://image.oliveyoung.co.kr/cfimages/cf-goods/uploads/images/options/item/2020/8/4460289671945872071.jpg,80.58,179.67,155.21
롬앤,롬앤 제로 매트 립스틱,lip,14 스윗 피,"12,000원",매트,https://image.oliveyoung.co.kr/cfimages/cf-goods/uploads/images/options/item/2020/8/4479854383181010023.jpg,https://image.oliveyoung.co.kr/cfimages/cf-goods/uploads/images/options/item/2020/8/4479854383181010023.jpg,100.61,180.4,145.09
롬앤,롬앤 제로 매트 립스틱,lip,15 미드 나잇,"12,000원",매트,https://image.oliveyoung.co.kr/cfimages/cf-goods/uploads/images/options/item/2020/8/4343050221962458020.jpg,https://image.oliveyoung.co.kr/cfimages/cf-goods/uploads/images/options/item/2020/8/4343050221962458020.jpg,65.87,166.47,143.28
롬앤,롬앤 제로 매트 립스틱,lip,16 대즐 레드,"12,000원",매트,https://image.oliveyoung.co.kr/cfimages/cf-goods/uploads/images/options/item/2020/8/5029752965884803356.jpg,https://image.oliveyoung.co.kr/cfimages/cf-goods/uploads/images/options/item/2020/8/5029752965884803356.jpg,113.89,189.3,174.26
롬앤,롬앤 제로 매트 립스틱,lip,17 레드 히트,"12,000원",매트,https://image.oliveyoung.co.kr/cfimages/cf-goods/uploads/images/options/item/2020/8/5847192993352550848.jpg,https://image.oliveyoung.co.kr/cfimages/cf-goods/uploads/images/options/item/2020/8/5847192993352550848.jpg,98.37,183.92,156.73
롬앤,롬앤 제로 매트 립스틱,lip,18 태닝 레드,"12,000원",매트,https://image.oliveyoung.co.kr/cfimages/cf-goods/uploads/images/options/item/2020/8/7440609570978226431.jpg,https://image.oliveyoung.co.kr/cfimages/cf-goods/uploads/images/options/item/2020/8/7440609570978226431.jpg,90.84,178.07,156.72
롬앤,롬앤 제로 매트 립스틱,lip,19 레드 서퍼,"12,000원",매트,https://image.oliveyoung.co.kr/cfimages/cf-goods/uploads/images/options/item/2020/8/5359206687803185648.jpg,https://image.oliveyoung.co.kr/cfimages/cf-goods/uploads/images/options/item/2020/8/5359206687803185648.jpg,99.85,190.45,155.09
롬앤,롬앤 제로 매트 립스틱,lip,20 레드다이브,"12,000원",매트,https://image.oliveyoung.co.kr/cfimages/cf-goods/uploads/images/options/item/2020/8/3308995955560549747.jpg,https://image.oliveyoung.co.kr/cfimages/cf-goods/uploads/images/options/item/2020/8/3308995955560549747.jpg,72.06,174.87,147.51
롬앤,롬앤 제로 매트 립스틱,lip,21 스모크드 베이지,"12,000원",매트,https://image.oliveyoung.co.kr/cfimages/cf-goods/uploads/images/options/item/2022/9/6315363696754123335.jpg,https://image.oliveyoung.co.kr/cfimages/cf-goods/uploads/images/options/item/2022/9/6315363696754123335.jpg,128.47,158.09,148.91
롬앤,롬앤 제로 매트 립스틱,lip,09 쉘 누드,"12,000원",매트,https://image.oliveyoung.co.kr/cfimages/cf-goods/uploads/images/options/item/2020/8/2154360936741315606.jpg,https://image.oliveyoung.co.kr/cfimages/cf-goods/uploads/images/options/item/2020/8/2154360936741315606.jpg,155.56,166.96,155.37
에뛰드,[에뛰드 X 조효진 공동개발] 에뛰드 진저슈가 립 세럼 13g,lip,01 플럼 잼,"14,000원",글로시,https://image.oliveyoung.co.kr/cfimages/cf-goods/uploads/images/options/item/2025/10/4419048594414506242.jpg,https://image.oliveyoung.co.kr/cfimages/cf-goods/uploads/images/options/item/2025/10/4419048594414506242.jpg,156,170.01,126.25
에뛰드,[에뛰드 X 조효진 공동개발] 에뛰드 진저슈가 립 세럼 13g,lip,02 모브 로즈,"14,000원",글로시,https://image.oliveyoung.co.kr/cfimages/cf-goods/uploads/images/options/item/2025/10/6933407636711267305.jpg,https://image.oliveyoung.co.kr/cfimages/cf-goods/uploads/images/options/item/2025/10/6933407636711267305.jpg,175.07,162.01,137.09
에뛰드,[에뛰드 X 조효진 공동개발] 에뛰드 진저슈가 립 세럼 13g,lip,03 누디 베이지,"14,000원",글로시,https://image.oliveyoung.co.kr/cfimages/cf-goods/uploads/images/options/item/2025/10/5267024776881749696.jpg,https://image.oliveyoung.co.kr/cfimages/cf-goods/uploads/images/options/item/2025/10/5267024776881749696.jpg,179.7,161.14,146.13
에뛰드,[에뛰드 X 조효진 공동개발] 에뛰드 진저슈가 립 세럼 13g,lip,04 베일 레드,"14,000원",글로시,https://image.oliveyoung.co.kr/cfimages/cf-goods/uploads/images/options/item/2025/10/7408537438185351406.jpg,https://image.oliveyoung.co.kr/cfimages/cf-goods/uploads/images/options/item/2025/10/7408537438185351406.jpg,159.88,185.52,140.41
에뛰드,[에뛰드 X 조효진 공동개발] 에뛰드 진저슈가 립 세럼 13g,lip,05 피치 멜론,"14,000원",글로시,https://image.oliveyoung.co.kr/cfimages/cf-goods/uploads/images/options/item/2025/10/299370517982366523.jpg,https://image.oliveyoung.co.kr/cfimages/cf-goods/uploads/images/options/item/2025/10/299370517982366523.jpg,133.41,169.98,149.73
에뛰드,[에뛰드 X 조효진 공동개발] 에뛰드 진저슈가 립 세럼 13g,lip,06 오트 브라운,"14,000원",글로시,https://image.oliveyoung.co.kr/cfimages/cf-goods/uploads/images/options/item/2025/10/7296926221021347309.jpg,https://image.oliveyoung.co.kr/cfimages/cf-goods/uploads/images/options/item/2025/10/7296926221021347309.jpg,109.91,164.26,152.25
에뛰드,[에뛰드 X 조효진 공동개발] 에뛰드 진저슈가 립 세럼 13g,lip,07 코지 모브,"14,000원",글로시,https://image.oliveyoung.co.kr/cfimages/cf-goods/uploads/images/options/item/2025/10/7392499699297416324.jpg,https://image.oliveyoung.co.kr/cfimages/cf-goods/uploads/images/options/item/2025/10/7392499699297416324.jpg,90.4,163.59,143.01
hince,힌스 로 글로우 젤 틴트,lip,01 베어,"17,000원",글로시,https://image.oliveyoung.co.kr/cfimages/cf-goods/uploads/images/options/item/2024/3/2126655006360839289.jpg?RS=100x0,https://image.oliveyoung.co.kr/cfimages/cf-goods/uploads/images/options/item/2024/3/2126655006360839289.jpg?RS=100x0,194.26,154.96,148.38
hince,힌스 로 글로우 젤 틴트,lip,02 로 로즈,"17,000원",글로시,https://image.oliveyoung.co.kr/cfimages/cf-goods/uploads/images/options/item/2024/3/307154764553542128.jpg?RS=100x0,https://image.oliveyoung.co.kr/cfimages/cf-goods/uploads/images/options/item/2024/3/307154764553542128.jpg?RS=100x0,176.82,167.82,151.41
hince,힌스 로 글로우 젤 틴트,lip,03 로프리콧,"17,000원",글로시,https://image.oliveyoung.co.kr/cfimages/cf-goods/uploads/images/options/item/2024/3/6889118013366855531.jpg?RS=100x0,https://image.oliveyoung.co.kr/cfimages/cf-goods/uploads/images/options/item/2024/3/6889118013366855531.jpg?RS=100x0,177.32,165.57,152.78
hince,힌스 로 글로우 젤 틴트,lip,04 피버,"17,000원",글로시,https://image.oliveyoung.co.kr/cfimages/cf-goods/uploads/images/options/item/2024/3/2955056747829842496.jpg?RS=100x0,https://image.oliveyoung.co.kr/cfimages/cf-goods/uploads/images/options/item/2024/3/2955056747829842496.jpg?RS=100x0,163.38,169.56,150.02
hince,힌스 로 글로우 젤 틴트,lip,05 히비스커스,"17,000원",글로시,https://image.oliveyoung.co.kr/cfimages/cf-goods/uploads/images/options/item/2024/3/667224072216043517.jpg?RS=100x0,https://image.oliveyoung.co.kr/cfimages/cf-goods/uploads/images/options/item/2024/3/667224072216043517.jpg?RS=100x0,158.95,171.89,145.38
hince,힌스 로 글로우 젤 틴트,lip,06 로 그레이프,"17,000원",글로시,https://image.oliveyoung.co.kr/cfimages/cf-goods/uploads/images/options/item/2024/3/7444468333909764963.jpg?RS=100x0,https://image.oliveyoung.co.kr/cfimages/cf-goods/uploads/images/options/item/2024/3/7444468333909764963.jpg?RS=100x0,165.52,160.59,136.02
hince,힌스 로 글로우 젤 틴트,lip,07 칠,"17,000원",글로시,https://image.oliveyoung.co.kr/cfimages/cf-goods/uploads/images/options/item/2024/3/3028544441578581579.jpg?RS=100x0,https://image.oliveyoung.co.kr/cfimages/cf-goods/uploads/images/options/item/2024/3/3028544441578581579.jpg?RS=100x0,80.94,173.86,141.17
hince,힌스 로 글로우 젤 틴트,lip,08 레어,"17,000원",글로시,https://image.oliveyoung.co.kr/cfimages/cf-goods/uploads/images/options/item/2024/7/8657703810625775709.jpg?RS=100x0,https://image.oliveyoung.co.kr/cfimages/cf-goods/uploads/images/options/item/2024/7/8657703810625775709.jpg?RS=100x0,191.86,156.08,139.85
hince,힌스 로 글로우 젤 틴트,lip,09 로 라일락,"17,000원",글로시,https://image.oliveyoung.co.kr/cfimages/cf-goods/uploads/images/options/item/2024/7/432744210965790129.jpg?RS=100x0,https://image.oliveyoung.co.kr/cfimages/cf-goods/uploads/images/options/item/2024/7/432744210965790129.jpg?RS=100x0,180.93,164.81,134.04
hince,힌스 로 글로우 젤 틴트,lip,10 로 체리,"17,000원",글로시,https://image.oliveyoung.co.kr/cfimages/cf-goods/uploads/images/options/item/2024/7/3169065280341095112.jpg?RS=100x0,https://image.oliveyoung.co.kr/cfimages/cf-goods/uploads/images/options/item/2024/7/3169065280341095112.jpg?RS=100x0,142.39,164.98,139.84
hince,힌스 로 글로우 젤 틴트,lip,11 차이,"17,000원",글로시,https://image.oliveyoung.co.kr/cfimages/cf-goods/uploads/images/options/item/2024/11/3458620681131817547.jpg?RS=100x0,https://image.oliveyoung.co.kr/cfimages/cf-goods/uploads/images/options/item/2024/11/3458620681131817547.jpg?RS=100x0,186.11,149.32,142.31
hince,힌스 로 글로우 젤 틴트,lip,12 로 휘그,"17,000원",글로시,https://image.oliveyoung.co.kr/cfimages/cf-goods/uploads/images/options/item/2024/11/2459920969951793455.jpg?RS=100x0,https://image.oliveyoung.co.kr/cfimages/cf-goods/uploads/images/options/item/2024/11/2459920969951793455.jpg?RS=100x0,175.59,162.42,143.81
hince,힌스 로 글로우 젤 틴트,lip,13 핑크 페퍼,"17,000원",글로시,https://image.oliveyoung.co.kr/cfimages/cf-goods/uploads/images/options/item/2024/11/1070939696296428864.jpg?RS=100x0,https://image.oliveyoung.co.kr/cfimages/cf-goods/uploads/images/options/item/2024/11/1070939696296428864.jpg?RS=100x0,184.87,166.61,142.84
hince,힌스 로 글로우 젤 틴트,lip,14 로 코코,"17,000원",글로시,https://image.oliveyoung.co.kr/cfimages/cf-goods/uploads/images/options/item/2024/11/2696706021823799132.jpg?RS=100x0,https://image.oliveyoung.co.kr/cfimages/cf-goods/uploads/images/options/item/2024/11/2696706021823799132.jpg?RS=100x0,170.42,154.58,146.61
hince,힌스 로 글로우 젤 틴트,lip,15 바이트,"17,000원",글로시,https://image.oliveyoung.co.kr/cfimages/cf-goods/uploads/images/options/item/2024/11/6826457716960604938.jpg?RS=100x0,https://image.oliveyoung.co.kr/cfimages/cf-goods/uploads/images/options/item/2024/11/6826457716960604938.jpg?RS=100x0,146.06,164.64,144.08
hince,힌스 로 글로우 젤 틴트,lip,16 로 베리,"17,000원",글로시,https://image.oliveyoung.co.kr/cfimages/cf-goods/uploads/images/options/item/2025/5/5266980517554711401.jpg?RS=100x0,https://image.oliveyoung.co.kr/cfimages/cf-goods/uploads/images/options/item/2025/5/5266980517554711401.jpg?RS=100x0,187.86,162.51,135.83
hince,힌스 로 글로우 젤 틴트,lip,17 로 피치,"17,000원",글로시,https://image.oliveyoung.co.kr/cfimages/cf-goods/uploads/images/options/item/2025/5/6722575186355579497.jpg?RS=100x0,https://image.oliveyoung.co.kr/cfimages/cf-goods/uploads/images/options/item/2025/5/6722575186355579497.jpg?RS=100x0,193.8,162.07,142.69
hince,힌스 로 글로우 젤 틴트,lip,26 로즈 프레소,"17,000원",글로시,https://image.oliveyoung.co.kr/cfimages/cf-goods/uploads/images/options/item/2025/8/826875811566005788.jpg?RS=100x0,https://image.oliveyoung.co.kr/cfimages/cf-goods/uploads/images/options/item/2025/8/826875811566005788.jpg?RS=100x0,171.49,151.01,143.21
hince,힌스 로 글로우 젤 틴트,lip,27 얼루어 로즈,"17,000원",글로시,https://image.oliveyoung.co.kr/cfimages/cf-goods/uploads/images/options/item/2025/8/3310037633862909915.jpg?RS=100x0,https://image.oliveyoung.co.kr/cfimages/cf-goods/uploads/images/options/item/2025/8/3310037633862909915.jpg?RS=100x0,161.45,155.21,136.04
컬러그램,컬러그램 누디 블러 틴트,lip,03 피그블리,"10,000원",세미매트,https://image.oliveyoung.co.kr/cfimages/cf-goods/uploads/images/options/item/2025/9/814744956534038882.png,https://image.oliveyoung.co.kr/uploads/images/item/2025/9/741687844347186784.png,159.74,157.09,140.58
컬러그램,컬러그램 누디 블러 틴트,lip,07 긱로즈,"10,000원",세미매트,https://image.oliveyoung.co.kr/cfimages/cf-goods/uploads/images/options/item/2025/9/8326280820810186370.png,https://image.oliveyoung.co.kr/uploads/images/item/2025/9/3260818585859600674.png,153.11,156.83,138.62
컬러그램,컬러그램 누디 블러 틴트,lip,22 잔망베이지,"10,000원",세미매트,https://image.oliveyoung.co.kr/cfimages/cf-goods/uploads/images/options/item/2025/9/5766221212643025982.png,https://image.oliveyoung.co.kr/uploads/images/item/2025/9/8021463952552514207.png,180.87,153.24,146.79
컬러그램,컬러그램 누디 블러 틴트,lip,23 잔망로즈,"10,000원",세미매트,https://image.oliveyoung.co.kr/cfimages/cf-goods/uploads/images/options/item/2025/9/1599503037461562315.png,https://image.oliveyoung.co.kr/uploads/images/item/2025/9/4485210978650140554.png,181.26,159.13,142.51
컬러그램,컬러그램 누디 블러 틴트,lip,01 살구살몬,"10,000원",세미매트,https://image.oliveyoung.co.kr/cfimages/cf-goods/uploads/images/options/item/2025/7/1508242964595212007.png,https://image.oliveyoung.co.kr/uploads/images/item/2025/7/2955481795522982746.png,166.88,154.62,142.8
컬러그램,컬러그램 누디 블러 틴트,lip,02 플러핑크,"10,000원",세미매트,https://image.oliveyoung.co.kr/cfimages/cf-goods/uploads/images/options/item/2025/7/2873166851581562735.png,https://image.oliveyoung.co.kr/uploads/images/item/2025/7/9092051820274854071.png,166.44,154.09,137.03
컬러그램,컬러그램 누디 블러 틴트,lip,04 코랄릿,"10,000원",세미매트,https://image.oliveyoung.co.kr/cfimages/cf-goods/uploads/images/options/item/2025/7/4585947572029202626.png,https://image.oliveyoung.co.kr/uploads/images/item/2025/7/9172620962433089025.png,154.72,163.99,145.11
컬러그램,컬러그램 누디 블러 틴트,lip,05 레드티지,"10,000원",세미매트,https://image.oliveyoung.co.kr/cfimages/cf-goods/uploads/images/options/item/2025/7/4412457319471757284.png,https://image.oliveyoung.co.kr/uploads/images/item/2025/7/2614784649221744231.png,139.36,164.16,142.6
컬러그램,컬러그램 누디 블러 틴트,lip,06 베리비키,"10,000원",세미매트,https://image.oliveyoung.co.kr/cfimages/cf-goods/uploads/images/options/item/2025/7/7492789679041721890.png,https://image.oliveyoung.co.kr/uploads/images/item/2025/7/8901583061120321190.png,154.12,160.98,140.64
컬러그램,컬러그램 누디 블러 틴트,lip,08 힙초콜릿,"10,000원",세미매트,https://image.oliveyoung.co.kr/cfimages/cf-goods/uploads/images/options/item/2025/7/6485220324996085171.png,https://image.oliveyoung.co.kr/uploads/images/item/2025/7/8871619121151379894.png,151.84,156.38,143.13
컬러그램,컬러그램 누디 블러 틴트,lip,09 바미레드,"10,000원",세미매트,https://image.oliveyoung.co.kr/cfimages/cf-goods/uploads/images/options/item/2025/7/7142756841341969661.png,https://image.oliveyoung.co.kr/uploads/images/item/2025/7/7720462008620172941.png,138.97,167.23,146.93
컬러그램,컬러그램 누디 블러 틴트,lip,10 데드로즈,"10,000원",세미매트,https://image.oliveyoung.co.kr/cfimages/cf-goods/uploads/images/options/item/2025/7/7024765222789530498.png,https://image.oliveyoung.co.kr/uploads/images/item/2025/7/6675450382943955825.png,145.49,166.84,144.49
컬러그램,컬러그램 누디 블러 틴트,lip,11 딥초콜릿,"10,000원",세미매트,https://image.oliveyoung.co.kr/cfimages/cf-goods/uploads/images/options/item/2025/7/2925839647384555045.png,https://image.oliveyoung.co.kr/uploads/images/item/2025/7/511048158221447416.png,146.36,161.33,142.84
컬러그램,컬러그램 누디 블러 틴트,lip,12 플럼디헬,"10,000원",세미매트,https://image.oliveyoung.co.kr/cfimages/cf-goods/uploads/images/options/item/2025/7/3040072469197736970.png,https://image.oliveyoung.co.kr/uploads/images/item/2025/7/3578422884711726992.png,137.78,165.88,144.84
컬러그램,컬러그램 누디 블러 틴트,lip,13 번트마롱,"10,000원",세미매트,https://image.oliveyoung.co.kr/cfimages/cf-goods/uploads/images/options/item/2025/7/461633224338965106.png,https://image.oliveyoung.co.kr/uploads/images/item/2025/7/7899816320745409881.png,138.77,161.49,144.74
컬러그램,컬러그램 누디 블러 틴트,lip,14 딸기멜로,"10,000원",세미매트,https://image.oliveyoung.co.kr/cfimages/cf-goods/uploads/images/options/item/2025/7/1564691759033939862.png,https://image.oliveyoung.co.kr/uploads/images/item/2025/7/1203446545886516036.png,191.53,159.19,142.75
컬러그램,컬러그램 누디 블러 틴트,lip,15 살구라이트,"10,000원",세미매트,https://image.oliveyoung.co.kr/cfimages/cf-goods/uploads/images/options/item/2025/7/3601311632748244019.png,https://image.oliveyoung.co.kr/uploads/images/item/2025/7/6463911703651731638.png,185.25,159.81,148.14
컬러그램,컬러그램 누디 블러 틴트,lip,16 로코코랄,"10,000원",세미매트,https://image.oliveyoung.co.kr/cfimages/cf-goods/uploads/images/options/item/2025/7/6462099261277816623.png,https://image.oliveyoung.co.kr/uploads/images/item/2025/7/1880609045990314000.png,184.15,162.6,149.42
컬러그램,컬러그램 누디 블러 틴트,lip,17 이븐피치,"10,000원",세미매트,https://image.oliveyoung.co.kr/cfimages/cf-goods/uploads/images/options/item/2025/7/7876282827055416935.png,https://image.oliveyoung.co.kr/uploads/images/item/2025/7/3351325274151743678.png,183.44,161.01,143.63
컬러그램,컬러그램 누디 블러 틴트,lip,18 베리몰리,"10,000원",세미매트,https://image.oliveyoung.co.kr/cfimages/cf-goods/uploads/images/options/item/2025/7/8046725155478063448.png,https://image.oliveyoung.co.kr/uploads/images/item/2025/7/2616684722828693247.png,181.49,164.88,147.68
페리페라,페리페라 잉크 무드 글로이 틴트,lip,03 맘찍로즈,"11,000원",글로시,https://image.oliveyoung.co.kr/cfimages/cf-goods/uploads/images/options/item/2025/10/6492042303182532751.jpg,https://image.oliveyoung.co.kr/uploads/images/item/2025/9/1978187259878638715.jpg,126.69,175.77,149.06
페리페라,페리페라 잉크 무드 글로이 틴트,lip,04 갓기천사,"11,000원",글로시,https://image.oliveyoung.co.kr/cfimages/cf-goods/uploads/images/options/item/2025/10/8925756726945647268.jpg,https://image.oliveyoung.co.kr/uploads/images/item/2025/9/234450535149618119.jpg,153.21,170.15,141.28
페리페라,페리페라 잉크 무드 글로이 틴트,lip,41 갓기구마,"11,000원",글로시,https://image.oliveyoung.co.kr/cfimages/cf-goods/uploads/images/options/item/2025/10/4452124258405602715.jpg,https://image.oliveyoung.co.kr/uploads/images/item/2025/9/66104767589837191.jpg,143.4,165.2,141.58
페리페라,페리페라 잉크 무드 글로이 틴트,lip,42 제철핑구마,"11,000원",글로시,https://image.oliveyoung.co.kr/cfimages/cf-goods/uploads/images/options/item/2025/10/5772205337840159821.jpg,https://image.oliveyoung.co.kr/uploads/images/item/2025/9/319665787738931772.jpg,148.36,165.86,140.28
페리페라,페리페라 잉크 무드 글로이 틴트,lip,02 손웜수템,"11,000원",글로시,https://image.oliveyoung.co.kr/cfimages/cf-goods/uploads/images/options/item/2024/2/2050527238765745532.jpg,https://image.oliveyoung.co.kr/uploads/images/item/2024/12/5223855777196415190.jpg,150.47,168.42,149.82
페리페라,페리페라 잉크 무드 글로이 틴트,lip,05 어쩔체리,"11,000원",글로시,https://image.oliveyoung.co.kr/cfimages/cf-goods/uploads/images/options/item/2022/2/440802922868713325.png,https://image.oliveyoung.co.kr/uploads/images/item/2024/12/2879910812643037384.jpg,138.58,172.81,146.46
페리페라,페리페라 잉크 무드 글로이 틴트,lip,20 당맛도리,"11,000원",글로시,https://image.oliveyoung.co.kr/cfimages/cf-goods/uploads/images/options/item/2023/9/8029313511794074235.png,https://image.oliveyoung.co.kr/uploads/images/item/2024/12/8510100574215442192.jpg,113.86,171.92,151.14
페리페라,페리페라 잉크 무드 글로이 틴트,lip,21 쿨소평가,"11,000원",글로시,https://image.oliveyoung.co.kr/cfimages/cf-goods/uploads/images/options/item/2023/12/951157182689910336.jpg,https://image.oliveyoung.co.kr/uploads/images/item/2024/12/4902963952089935770.jpg,155.11,168.73,138.02
페리페라,페리페라 잉크 무드 글로이 틴트,lip,22 쿨계포상,"11,000원",글로시,https://image.oliveyoung.co.kr/cfimages/cf-goods/uploads/images/options/item/2023/12/7710566418670693409.jpg,https://image.oliveyoung.co.kr/uploads/images/item/2024/12/6162177644486611087.jpg,148.97,166.68,142.15
페리페라,페리페라 잉크 무드 글로이 틴트,lip,23 쩡신차렷,"11,000원",글로시,https://image.oliveyoung.co.kr/cfimages/cf-goods/uploads/images/options/item/2023/12/7759377073579145112.jpg,https://image.oliveyoung.co.kr/uploads/images/item/2024/12/9034252808302203621.jpg,139.53,176.12,147.52
페리페라,페리페라 잉크 무드 글로이 틴트,lip,25 힙플딸기,"11,000원",글로시,https://image.oliveyoung.co.kr/cfimages/cf-goods/uploads/images/options/item/2024/4/1050108267937563746.jpg,https://image.oliveyoung.co.kr/uploads/images/item/2024/12/7683358361503090839.jpg,146.53,175.81,146.2
페리페라,페리페라 잉크 무드 글로이 틴트,lip,26 왤케포도,"11,000원",글로시,https://image.oliveyoung.co.kr/cfimages/cf-goods/uploads/images/options/item/2024/4/7900735047175339463.jpg,https://image.oliveyoung.co.kr/uploads/images/item/2024/12/1983768986768010601.jpg,139.51,171.63,140.81
페리페라,페리페라 잉크 무드 글로이 틴트,lip,27 핑토당토,"11,000원",글로시,https://image.oliveyoung.co.kr/cfimages/cf-goods/uploads/images/options/item/2024/8/2560158740023080043.jpg,https://image.oliveyoung.co.kr/uploads/images/item/2024/12/8390280711231508157.jpg,148.65,167.8,141.92
페리페라,페리페라 잉크 무드 글로이 틴트,lip,28 웜탠다드,"11,000원",글로시,https://image.oliveyoung.co.kr/cfimages/cf-goods/uploads/images/options/item/2024/8/267999643124550944.jpg,https://image.oliveyoung.co.kr/uploads/images/item/2024/12/1362337244983101698.jpg,126.89,174.62,149.55
페리페라,페리페라 잉크 무드 글로이 틴트,lip,31 명예딸기광,"11,000원",글로시,https://image.oliveyoung.co.kr/cfimages/cf-goods/uploads/images/options/item/2024/12/8955490623001484845.jpg,https://image.oliveyoung.co.kr/uploads/images/item/2024/12/8946155860588294881.jpg,154.56,168.78,153.08
페리페라,페리페라 잉크 무드 글로이 틴트,lip,32 딸기야가자,"11,000원",글로시,https://image.oliveyoung.co.kr/cfimages/cf-goods/uploads/images/options/item/2024/12/6896851094316465055.jpg,https://image.oliveyoung.co.kr/uploads/images/item/2024/12/3003595736202546449.jpg,146.34,165.85,144.3
페리페라,페리페라 잉크 무드 글로이 틴트,lip,34 웜행평가,"11,000원",글로시,https://image.oliveyoung.co.kr/cfimages/cf-goods/uploads/images/options/item/2025/3/1172958237842940286.jpg,https://image.oliveyoung.co.kr/uploads/images/item/2025/3/987664631946711540.jpg,171.51,160.42,148.05
페리페라,페리페라 잉크 무드 글로이 틴트,lip,35 코랄특강,"11,000원",글로시,https://image.oliveyoung.co.kr/cfimages/cf-goods/uploads/images/options/item/2025/3/2575921299419667525.jpg,https://image.oliveyoung.co.kr/uploads/images/item/2025/3/6645010059731862647.jpg,163.01,167.38,147.31
페리페라,페리페라 잉크 무드 글로이 틴트,lip,36 쿨타강사,"11,000원",글로시,https://image.oliveyoung.co.kr/cfimages/cf-goods/uploads/images/options/item/2025/3/3883702369313055579.jpg,https://image.oliveyoung.co.kr/uploads/images/item/2025/3/6577845086025162386.jpg,162.72,166.91,140.21
페리페라,페리페라 잉크 무드 글로이 틴트,lip,37 실사판공주,"11,000원",글로시,https://image.oliveyoung.co.kr/cfimages/cf-goods/uploads/images/options/item/2025/6/5247814239884178587.jpg,https://image.oliveyoung.co.kr/uploads/images/item/2025/6/2280608387892052801.jpg,151.62,166.54,147.59
페리페라,페리페라 잉크 무드 글로이 틴트,lip,38 쿨세자빈,"11,000원",글로시,https://image.oliveyoung.co.kr/cfimages/cf-goods/uploads/images/options/item/2025/6/3053658498945331150.jpg,https://image.oliveyoung.co.kr/uploads/images/item/2025/6/8949566094122510925.jpg,142.5,172.1,144.43
페리페라,페리페라 잉크 무드 글로이 틴트,lip,33 로지위시,"11,000원",글로시,https://image.oliveyoung.co.kr/cfimages/cf-goods/uploads/images/options/item/2025/8/6052993582386659475.jpg,https://image.oliveyoung.co.kr/uploads/images/item/2025/10/507077268723560091.png,141.35,155.12,140.02
페리페라,페리페라 잉크 무드 글로이 틴트,lip,40 햇꿀구마,"11,000원",글로시,https://image.oliveyoung.co.kr/cfimages/cf-goods/uploads/images/options/item/2025/10/7098395109639657572.jpg,https://image.oliveyoung.co.kr/uploads/images/item/2025/9/7857087866808425525.jpg,148.33,163.58,146.36
헤라,헤라 센슈얼 누드 글로스,lip,재지 단품,"40,000원",글로시,https://image.oliveyoung.co.kr/cfimages/cf-goods/uploads/images/options/item/2025/10/1908795639679574445.png,https://image.oliveyoung.co.kr/uploads/images/item/2025/10/3209684394400655063.png,167,149,136
헤라,헤라 센슈얼 누드 글로스,lip,글리머 단품,"40,000원",글로시,https://image.oliveyoung.co.kr/cfimages/cf-goods/uploads/images/options/item/2025/10/3753182405888883041.png,https://image.oliveyoung.co.kr/uploads/images/item/2025/10/391358738096387732.png,211,151,137
헤라,헤라 센슈얼 누드 글로스,lip,200호 조지아_단품,"40,000원",글로시,https://image.oliveyoung.co.kr/cfimages/cf-goods/uploads/images/options/item/2025/8/4376262953653314489.png,https://image.oliveyoung.co.kr/uploads/images/item/2025/8/1447861918564703061.png,137.35,134.67,150.04
헤라,헤라 센슈얼 누드 글로스,lip,웻베리 단품,"40,000원",글로시,https://image.oliveyoung.co.kr/cfimages/cf-goods/uploads/images/options/item/2025/7/3347860994012941352.jpg,https://image.oliveyoung.co.kr/uploads/images/item/2025/7/6839892563340578775.jpg,188.13,156.74,137.68
헤라,헤라 센슈얼 누드 글로스,lip,허니드 단품,"40,000원",글로시,https://image.oliveyoung.co.kr/cfimages/cf-goods/uploads/images/options/item/2025/7/5306693945058823998.jpg,https://image.oliveyoung.co.kr/uploads/images/item/2025/7/9021806553687719538.jpg,210.73,140.01,136.38
헤라,헤라 센슈얼 누드 글로스,lip,체리콕 단품,"40,000원",글로시,https://image.oliveyoung.co.kr/cfimages/cf-goods/uploads/images/options/item/2025/7/2789642553273728086.jpg,https://image.oliveyoung.co.kr/uploads/images/item/2025/7/563344853775457620.jpg,164.93,142.3,135.59
헤라,헤라 센슈얼 누드 글로스,lip,브라우니보이 단품,"40,000원",글로시,https://image.oliveyoung.co.kr/cfimages/cf-goods/uploads/images/options/item/2025/9/2369539960068022731.png,https://image.oliveyoung.co.kr/uploads/images/item/2025/9/5279847498942372098.png,110.8,130.47,145.45
헤라,헤라 센슈얼 누드 글로스,lip,462호 스피치리스_단품,"40,000원",글로시,https://image.oliveyoung.co.kr/cfimages/cf-goods/uploads/images/options/item/2025/1/2534835375691419607.jpg,https://image.oliveyoung.co.kr/uploads/images/item/2025/1/5339793531176613180.jpg,180.38,142.71,136.55
헤라,헤라 센슈얼 누드 글로스,lip,102호 플러티_단품,"40,000원",글로시,https://image.oliveyoung.co.kr/cfimages/cf-goods/uploads/images/options/item/2024/8/6498027892067436851.jpg,https://image.oliveyoung.co.kr/uploads/images/item/2024/8/2457175803196226309.jpg,202.25,147.89,130.83
헤라,헤라 센슈얼 누드 글로스,lip,18호 이노센트_단품,"40,000원",글로시,https://image.oliveyoung.co.kr/cfimages/cf-goods/uploads/images/options/item/2024/8/2339591525748679261.jpg,https://image.oliveyoung.co.kr/uploads/images/item/2024/8/4499663886412179941.jpg,230.01,136.6,125.08
헤라,헤라 센슈얼 누드 글로스,lip,380호 체리쉬_단품,"40,000원",글로시,https://image.oliveyoung.co.kr/cfimages/cf-goods/uploads/images/options/item/2024/8/5062751039922075964.jpg,https://image.oliveyoung.co.kr/uploads/images/item/2024/8/2936071805758533183.jpg,184.8,149.7,134.51
헤라,헤라 센슈얼 누드 글로스,lip,422호 란제리_단품,"40,000원",글로시,https://image.oliveyoung.co.kr/cfimages/cf-goods/uploads/images/options/item/2025/1/4968175343358248594.jpg,https://image.oliveyoung.co.kr/uploads/images/item/2025/1/5768516583519544113.jpg,204.29,144.89,137.71
헤라,헤라 센슈얼 누드 글로스,lip,401호 누디스트_단품,"40,000원",글로시,https://image.oliveyoung.co.kr/cfimages/cf-goods/uploads/images/options/item/2024/8/2180213733753861279.jpg,https://image.oliveyoung.co.kr/uploads/images/item/2024/8/8912309097115087581.jpg,205.08,139.79,132
얼터너티브스테레오,얼터너티브스테레오 립 포션 슈가 글레이즈 틴트,lip,2호 로즈볼,"19,000원",글로시,https://image.oliveyoung.co.kr/cfimages/cf-goods/uploads/images/options/item/2025/9/4572247618303582838.jpg?RS=100x0,https://image.oliveyoung.co.kr/cfimages/cf-goods/uploads/images/options/item/2025/9/4572247618303582838.jpg?RS=100x0,202.11,137.84,134.31
얼터너티브스테레오,얼터너티브스테레오 립 포션 슈가 글레이즈 틴트,lip,15호 피그볼,"19,000원",글로시,https://image.oliveyoung.co.kr/cfimages/cf-goods/uploads/images/options/item/2025/9/379402297473206483.jpg?RS=100x0,https://image.oliveyoung.co.kr/cfimages/cf-goods/uploads/images/options/item/2025/9/379402297473206483.jpg?RS=100x0,200.1,140.43,135.25
얼터너티브스테레오,얼터너티브스테레오 립 포션 슈가 글레이즈 틴트,lip,16호 딸기무스볼,"19,000원",글로시,https://image.oliveyoung.co.kr/cfimages/cf-goods/uploads/images/options/item/2025/9/6791692588835299179.jpg?RS=100x0,https://image.oliveyoung.co.kr/cfimages/cf-goods/uploads/images/options/item/2025/9/6791692588835299179.jpg?RS=100x0,194.8,144.44,133.37
얼터너티브스테레오,얼터너티브스테레오 립 포션 슈가 글레이즈 틴트,lip,18호 워터멜론볼,"19,000원",글로시,https://image.oliveyoung.co.kr/cfimages/cf-goods/uploads/images/options/item/2025/9/3693710192602318248.jpg?RS=100x0,https://image.oliveyoung.co.kr/cfimages/cf-goods/uploads/images/options/item/2025/9/3693710192602318248.jpg?RS=100x0,182.1,148.42,141.13
얼터너티브스테레오,얼터너티브스테레오 립 포션 슈가 글레이즈 틴트,lip,16호 딸기무스 볼,"19,000원",글로시,https://image.oliveyoung.co.kr/cfimages/cf-goods/uploads/images/options/item/2025/8/421424035296502315.png?RS=100x0,https://image.oliveyoung.co.kr/cfimages/cf-goods/uploads/images/options/item/2025/8/421424035296502315.png?RS=100x0,198.22,150.94,133.76
얼터너티브스테레오,얼터너티브스테레오 립 포션 슈가 글레이즈 틴트,lip,18호 워터멜론 볼,"19,000원",글로시,https://image.oliveyoung.co.kr/cfimages/cf-goods/uploads/images/options/item/2025/8/6293280812826705938.png?RS=100x0,https://image.oliveyoung.co.kr/cfimages/cf-goods/uploads/images/options/item/2025/8/6293280812826705938.png?RS=100x0,184.6,154.2,141.4
얼터너티브스테레오,얼터너티브스테레오 립 포션 슈가 글레이즈 틴트,lip,1호 누디 볼,"19,000원",글로시,https://image.oliveyoung.co.kr/cfimages/cf-goods/uploads/images/options/item/2024/10/1212895136354770912.jpg?RS=100x0,https://image.oliveyoung.co.kr/cfimages/cf-goods/uploads/images/options/item/2024/10/1212895136354770912.jpg?RS=100x0,174.92,165.92,158.66
얼터너티브스테레오,얼터너티브스테레오 립 포션 슈가 글레이즈 틴트,lip,17호 로즈쿠키 볼,"19,000원",글로시,https://image.oliveyoung.co.kr/cfimages/cf-goods/uploads/images/options/item/2025/7/6951113916557174633.jpg?RS=100x0,https://image.oliveyoung.co.kr/cfimages/cf-goods/uploads/images/options/item/2025/7/6951113916557174633.jpg?RS=100x0,126.3,179.69,152.99
얼터너티브스테레오,얼터너티브스테레오 립 포션 슈가 글레이즈 틴트,lip,19호 베리스무디 볼,"19,000원",글로시,https://image.oliveyoung.co.kr/cfimages/cf-goods/uploads/images/options/item/2025/7/5134119039172236511.jpg?RS=100x0,https://image.oliveyoung.co.kr/cfimages/cf-goods/uploads/images/options/item/2025/7/5134119039172236511.jpg?RS=100x0,108.93,188.15,147.81
얼터너티브스테레오,얼터너티브스테레오 립 포션 슈가 글레이즈 틴트,lip,2호 로즈 볼,"19,000원",글로시,https://image.oliveyoung.co.kr/cfimages/cf-goods/uploads/images/options/item/2024/10/8645322000680108570.jpg?RS=100x0,https://image.oliveyoung.co.kr/cfimages/cf-goods/uploads/images/options/item/2024/10/8645322000680108570.jpg?RS=100x0,155.68,170.62,152.83
얼터너티브스테레오,얼터너티브스테레오 립 포션 슈가 글레이즈 틴트,lip,3호 바비 볼,"19,000원",글로시,https://image.oliveyoung.co.kr/cfimages/cf-goods/uploads/images/options/item/2024/10/2078391952926915986.jpg?RS=100x0,https://image.oliveyoung.co.kr/cfimages/cf-goods/uploads/images/options/item/2024/10/2078391952926915986.jpg?RS=100x0,169.91,173.47,135.84
얼터너티브스테레오,얼터너티브스테레오 립 포션 슈가 글레이즈 틴트,lip,4호 피치 볼,"19,000원",글로시,https://image.oliveyoung.co.kr/cfimages/cf-goods/uploads/images/options/item/2024/10/7207154763751938233.jpg?RS=100x0,https://image.oliveyoung.co.kr/cfimages/cf-goods/uploads/images/options/item/2024/10/7207154763751938233.jpg?RS=100x0,182.32,167.06,155.5
얼터너티브스테레오,얼터너티브스테레오 립 포션 슈가 글레이즈 틴트,lip,5호 모브 볼,"19,000원",글로시,https://image.oliveyoung.co.kr/cfimages/cf-goods/uploads/images/options/item/2024/10/65779810718452552.jpg?RS=100x0,https://image.oliveyoung.co.kr/cfimages/cf-goods/uploads/images/options/item/2024/10/65779810718452552.jpg?RS=100x0,120.3,171.68,142.45
얼터너티브스테레오,얼터너티브스테레오 립 포션 슈가 글레이즈 틴트,lip,9호 코코 볼,"19,000원",글로시,https://image.oliveyoung.co.kr/cfimages/cf-goods/uploads/images/options/item/2024/10/649492101288422131.jpg?RS=100x0,https://image.oliveyoung.co.kr/cfimages/cf-goods/uploads/images/options/item/2024/10/649492101288422131.jpg?RS=100x0,112.01,157.81,147.98
얼터너티브스테레오,얼터너티브스테레오 립 포션 슈가 글레이즈 틴트,lip,10호 와인 볼,"19,000원",글로시,https://image.oliveyoung.co.kr/cfimages/cf-goods/uploads/images/options/item/2024/10/8606409182370479489.jpg?RS=100x0,https://image.oliveyoung.co.kr/cfimages/cf-goods/uploads/images/options/item/2024/10/8606409182370479489.jpg?RS=100x0,71.76,170.39,143.08
얼터너티브스테레오,얼터너티브스테레오 립 포션 슈가 글레이즈 틴트,lip,11호 돌리 볼,"19,000원",글로시,https://image.oliveyoung.co.kr/cfimages/cf-goods/uploads/images/options/item/2025/2/7402579146192591312.jpg?RS=100x0,https://image.oliveyoung.co.kr/cfimages/cf-goods/uploads/images/options/item/2025/2/7402579146192591312.jpg?RS=100x0,186.03,170.92,134.14
얼터너티브스테레오,얼터너티브스테레오 립 포션 슈가 글레이즈 틴트,lip,12호 라일락 볼,"19,000원",글로시,https://image.oliveyoung.co.kr/cfimages/cf-goods/uploads/images/options/item/2025/2/3158927927949143252.jpg?RS=100x0,https://image.oliveyoung.co.kr/cfimages/cf-goods/uploads/images/options/item/2025/2/3158927927949143252.jpg?RS=100x0,170.98,169.68,133.4
얼터너티브스테레오,얼터너티브스테레오 립 포션 슈가 글레이즈 틴트,lip,13호 오디 볼,"19,000원",글로시,https://image.oliveyoung.co.kr/cfimages/cf-goods/uploads/images/options/item/2025/2/4268147591315180400.jpg?RS=100x0,https://image.oliveyoung.co.kr/cfimages/cf-goods/uploads/images/options/item/2025/2/4268147591315180400.jpg?RS=100x0,143.5,172.68,139.29
얼터너티브스테레오,얼터너티브스테레오 립 포션 슈가 글레이즈 틴트,lip,14호 밀크티 볼,"19,000원",글로시,https://image.oliveyoung.co.kr/cfimages/cf-goods/uploads/images/options/item/2025/2/6373878354157672855.jpg?RS=100x0,https://image.oliveyoung.co.kr/cfimages/cf-goods/uploads/images/options/item/2025/2/6373878354157672855.jpg?RS=100x0,178.11,164.07,151.99
얼터너티브스테레오,얼터너티브스테레오 립 포션 슈가 글레이즈 틴트,lip,15호 피그 볼,"19,000원",글로시,https://image.oliveyoung.co.kr/cfimages/cf-goods/uploads/images/options/item/2025/2/5444584409432658949.jpg?RS=100x0,https://image.oliveyoung.co.kr/cfimages/cf-goods/uploads/images/options/item/2025/2/5444584409432658949.jpg?RS=100x0,162.06,167.73,150.5
클리오,클리오 볼륨메이트 블러 틴트,lip,108 페일 라벤더,"18,000원",세미매트,https://image.oliveyoung.co.kr/cfimages/cf-goods/uploads/images/options/item/2025/10/3529185437414535119.jpg?RS=100x0,https://image.oliveyoung.co.kr/cfimages/cf-goods/uploads/images/options/item/2025/10/3529185437414535119.jpg?RS=100x0,104.04,154.29,134.66
클리오,클리오 볼륨메이트 블러 틴트,lip,109 더스티 모브,"18,000원",세미매트,https://image.oliveyoung.co.kr/cfimages/cf-goods/uploads/images/options/item/2025/10/2838489914134439555.jpg?RS=100x0,https://image.oliveyoung.co.kr/cfimages/cf-goods/uploads/images/options/item/2025/10/2838489914134439555.jpg?RS=100x0,93.94,157.62,134.85
클리오,클리오 볼륨메이트 블러 틴트,lip,110 멜로우 모브 핑크,"18,000원",세미매트,https://image.oliveyoung.co.kr/cfimages/cf-goods/uploads/images/options/item/2025/10/8539798791351874723.jpg?RS=100x0,https://image.oliveyoung.co.kr/cfimages/cf-goods/uploads/images/options/item/2025/10/8539798791351874723.jpg?RS=100x0,101.91,159.77,139.24
클리오,클리오 볼륨메이트 블러 틴트,lip,111 앤티크 레드 플럼,"18,000원",세미매트,https://image.oliveyoung.co.kr/cfimages/cf-goods/uploads/images/options/item/2025/10/32249886629249901.jpg?RS=100x0,https://image.oliveyoung.co.kr/cfimages/cf-goods/uploads/images/options/item/2025/10/32249886629249901.jpg?RS=100x0,105.1,168.53,135.92
클리오,클리오 볼륨메이트 블러 틴트,lip,100 플러피 진저,"18,000원",세미매트,https://image.oliveyoung.co.kr/cfimages/cf-goods/uploads/images/options/item/2025/4/665508824425181778.jpg?RS=100x0,https://image.oliveyoung.co.kr/cfimages/cf-goods/uploads/images/options/item/2025/4/665508824425181778.jpg?RS=100x0,154.11,163.29,157.65
클리오,클리오 볼륨메이트 블러 틴트,lip,101 코튼 탠저린,"18,000원",세미매트,https://image.oliveyoung.co.kr/cfimages/cf-goods/uploads/images/options/item/2025/4/7940357312752376752.jpg?RS=100x0,https://image.oliveyoung.co.kr/cfimages/cf-goods/uploads/images/options/item/2025/4/7940357312752376752.jpg?RS=100x0,142.52,166.31,150.23
클리오,클리오 볼륨메이트 블러 틴트,lip,102 바운시 베리,"18,000원",세미매트,https://image.oliveyoung.co.kr/cfimages/cf-goods/uploads/images/options/item/2025/4/6800734837142599930.jpg?RS=100x0,https://image.oliveyoung.co.kr/cfimages/cf-goods/uploads/images/options/item/2025/4/6800734837142599930.jpg?RS=100x0,136.22,171.87,147.07
클리오,클리오 볼륨메이트 블러 틴트,lip,103 클라우디 플럼,"18,000원",세미매트,https://image.oliveyoung.co.kr/cfimages/cf-goods/uploads/images/options/item/2025/4/8713132134633705784.jpg?RS=100x0,https://image.oliveyoung.co.kr/cfimages/cf-goods/uploads/images/options/item/2025/4/8713132134633705784.jpg?RS=100x0,120.81,170.28,142.09
클리오,클리오 볼륨메이트 블러 틴트,lip,104 미스티 피그,"18,000원",세미매트,https://image.oliveyoung.co.kr/cfimages/cf-goods/uploads/images/options/item/2025/4/1150523266344240986.jpg?RS=100x0,https://image.oliveyoung.co.kr/cfimages/cf-goods/uploads/images/options/item/2025/4/1150523266344240986.jpg?RS=100x0,125.92,165.91,149.73
클리오,클리오 볼륨메이트 블러 틴트,lip,105 벨벳티크 리본,"18,000원",세미매트,https://image.oliveyoung.co.kr/cfimages/cf-goods/uploads/images/options/item/2025/4/3633194870003789390.jpg?RS=100x0,https://image.oliveyoung.co.kr/cfimages/cf-goods/uploads/images/options/item/2025/4/3633194870003789390.jpg?RS=100x0,119.99,170.53,150.07
클리오,클리오 볼륨메이트 글로스 틴트,lip,206 그레이프 시럽,"18,000원",글로시,https://image.oliveyoung.co.kr/cfimages/cf-goods/uploads/images/options/item/2025/10/6094653646722603139.jpg?RS=100x0,https://image.oliveyoung.co.kr/cfimages/cf-goods/uploads/images/options/item/2025/10/6094653646722603139.jpg?RS=100x0,123.62,171.27,127.26
클리오,클리오 볼륨메이트 글로스 틴트,lip,207 헤이지 던 모브,"18,000원",글로시,https://image.oliveyoung.co.kr/cfimages/cf-goods/uploads/images/options/item/2025/10/958188842933069990.jpg?RS=100x0,https://image.oliveyoung.co.kr/cfimages/cf-goods/uploads/images/options/item/2025/10/958188842933069990.jpg?RS=100x0,127.83,163.1,136.28
클리오,클리오 볼륨메이트 글로스 틴트,lip,208 로즈 브리즈,"18,000원",글로시,https://image.oliveyoung.co.kr/cfimages/cf-goods/uploads/images/options/item/2025/10/5594649397491908877.jpg?RS=100x0,https://image.oliveyoung.co.kr/cfimages/cf-goods/uploads/images/options/item/2025/10/5594649397491908877.jpg?RS=100x0,100.97,171.97,137.94
클리오,클리오 볼륨메이트 글로스 틴트,lip,209 드라이 레드와인,"18,000원",글로시,https://image.oliveyoung.co.kr/cfimages/cf-goods/uploads/images/options/item/2025/10/6551060033806266913.jpg?RS=100x0,https://image.oliveyoung.co.kr/cfimages/cf-goods/uploads/images/options/item/2025/10/6551060033806266913.jpg?RS=100x0,94.95,173.37,134.94
클리오,클리오 볼륨메이트 글로스 틴트,lip,200 버니 퓨어 핑크,"18,000원",글로시,https://image.oliveyoung.co.kr/cfimages/cf-goods/uploads/images/options/item/2025/4/7728322231979806763.jpg?RS=100x0,https://image.oliveyoung.co.kr/cfimages/cf-goods/uploads/images/options/item/2025/4/7728322231979806763.jpg?RS=100x0,206.14,156.28,128.48
클리오,클리오 볼륨메이트 글로스 틴트,lip,201 허니 코팅 피치,"18,000원",글로시,https://image.oliveyoung.co.kr/cfimages/cf-goods/uploads/images/options/item/2025/4/4700794176019295144.jpg?RS=100x0,https://image.oliveyoung.co.kr/cfimages/cf-goods/uploads/images/options/item/2025/4/4700794176019295144.jpg?RS=100x0,173.86,171.86,169.93
클리오,클리오 볼륨메이트 글로스 틴트,lip,202 글레이즈드 애플,"18,000원",글로시,https://image.oliveyoung.co.kr/cfimages/cf-goods/uploads/images/options/item/2025/4/1573533937083475633.jpg?RS=100x0,https://image.oliveyoung.co.kr/cfimages/cf-goods/uploads/images/options/item/2025/4/1573533937083475633.jpg?RS=100x0,164.12,184.97,139.32
클리오,클리오 볼륨메이트 글로스 틴트,lip,203 슈가 러브 글램,"18,000원",글로시,https://image.oliveyoung.co.kr/cfimages/cf-goods/uploads/images/options/item/2025/4/2694292144202875831.jpg?RS=100x0,https://image.oliveyoung.co.kr/cfimages/cf-goods/uploads/images/options/item/2025/4/2694292144202875831.jpg?RS=100x0,163.4,181.44,170.3
클리오,클리오 볼륨메이트 글로스 틴트,lip,204 블러쉬드 캔디,"18,000원",글로시,https://image.oliveyoung.co.kr/cfimages/cf-goods/uploads/images/options/item/2025/4/1149956053580325356.jpg?RS=100x0,https://image.oliveyoung.co.kr/cfimages/cf-goods/uploads/images/options/item/2025/4/1149956053580325356.jpg?RS=100x0,197.33,165.98,123.26
클리오,클리오 볼륨메이트 글로스 틴트,lip,205 듀이 그레이프,"18,000원",글로시,https://image.oliveyoung.co.kr/cfimages/cf-goods/uploads/images/options/item/2025/4/1693393916589796363.jpg?RS=100x0,https://image.oliveyoung.co.kr/cfimages/cf-goods/uploads/images/options/item/2025/4/1693393916589796363.jpg?RS=100x0,156.3,176.16,124.61
에스쁘아,에스쁘아 노웨어스틱 바밍 글로우,lip,2호 베리코어,"24,000원",글로시,https://image.oliveyoung.co.kr/cfimages/cf-goods/uploads/images/options/item/2025/10/8515285012957154016.jpg,https://image.oliveyoung.co.kr/uploads/images/item/2025/10/1785565407496220729.jpg,153.5,172.35,154.01
에스쁘아,에스쁘아 노웨어스틱 바밍 글로우,lip,18호 누디베리,"24,000원",글로시,https://image.oliveyoung.co.kr/cfimages/cf-goods/uploads/images/options/item/2025/10/5325342320194849340.jpg,https://image.oliveyoung.co.kr/uploads/images/item/2025/10/6390927938604639312.jpg,164.93,160.48,150.68
에스쁘아,에스쁘아 노웨어스틱 바밍 글로우,lip,19호 메리베리,"24,000원",글로시,https://image.oliveyoung.co.kr/cfimages/cf-goods/uploads/images/options/item/2025/10/7740601097729266329.jpg,https://image.oliveyoung.co.kr/uploads/images/item/2025/10/7215851214799485529.jpg,159.51,162.41,141.04
에스쁘아,에스쁘아 노웨어스틱 바밍 글로우,lip,2호 베리 코어,"24,000원",글로시,https://image.oliveyoung.co.kr/cfimages/cf-goods/uploads/images/options/item/2024/1/7249537228881218106.jpg,https://image.oliveyoung.co.kr/uploads/images/item/2024/1/3638954135856071817.jpg,153.5,172.35,154.01
에스쁘아,에스쁘아 노웨어스틱 바밍 글로우,lip,3호 크랜베리,"24,000원",글로시,https://image.oliveyoung.co.kr/cfimages/cf-goods/uploads/images/options/item/2024/1/427744765277503680.jpg,https://image.oliveyoung.co.kr/uploads/images/item/2024/1/8771188390365880372.jpg,148.94,169.82,152.11
에스쁘아,에스쁘아 노웨어스틱 바밍 글로우,lip,4호 헤이 베스티,"24,000원",글로시,https://image.oliveyoung.co.kr/cfimages/cf-goods/uploads/images/options/item/2024/1/7045600376370030376.jpg,https://image.oliveyoung.co.kr/uploads/images/item/2024/1/2668253907966766610.jpg,156.56,167.41,140.32
에스쁘아,에스쁘아 노웨어스틱 바밍 글로우,lip,5호 블루베리,"24,000원",글로시,https://image.oliveyoung.co.kr/cfimages/cf-goods/uploads/images/options/item/2024/1/2030048881260884320.jpg,https://image.oliveyoung.co.kr/uploads/images/item/2024/1/4421100460477217020.jpg,151.16,164.12,139.83
에스쁘아,에스쁘아 노웨어스틱 바밍 글로우,lip,6호 뉴 로즈,"24,000원",글로시,https://image.oliveyoung.co.kr/cfimages/cf-goods/uploads/images/options/item/2024/1/5427017931440459468.jpg,https://image.oliveyoung.co.kr/uploads/images/item/2024/1/4071468682647920151.jpg,153.56,164.67,143.25
에스쁘아,에스쁘아 노웨어스틱 바밍 글로우,lip,7호 애쉬 메이플,"24,000원",글로시,https://image.oliveyoung.co.kr/cfimages/cf-goods/uploads/images/options/item/2024/1/3778039741895924991.jpg,https://image.oliveyoung.co.kr/uploads/images/item/2024/1/9117124597359450348.jpg,140.42,158.31,142.01
에스쁘아,에스쁘아 노웨어스틱 바밍 글로우,lip,9호 퍼시몬,"24,000원",글로시,https://image.oliveyoung.co.kr/cfimages/cf-goods/uploads/images/options/item/2024/8/3871008367805787574.jpg,https://image.oliveyoung.co.kr/uploads/images/item/2024/8/3386270912886864726.jpg,170.6,167.88,151.46
에스쁘아,에스쁘아 노웨어스틱 바밍 글로우,lip,10호 피치라이즈,"24,000원",글로시,https://image.oliveyoung.co.kr/cfimages/cf-goods/uploads/images/options/item/2024/8/3375126305257922007.jpg,https://image.oliveyoung.co.kr/uploads/images/item/2024/8/7891606622010965188.jpg,180.58,159.65,142.29
에스쁘아,에스쁘아 노웨어스틱 바밍 글로우,lip,11호 그레이피,"24,000원",글로시,https://image.oliveyoung.co.kr/cfimages/cf-goods/uploads/images/options/item/2024/8/1352366963009764893.jpg,https://image.oliveyoung.co.kr/uploads/images/item/2024/8/1977932940112369454.jpg,174.47,164.69,141.54
에스쁘아,에스쁘아 노웨어스틱 바밍 글로우,lip,13호 비트 라일락,"24,000원",글로시,https://image.oliveyoung.co.kr/cfimages/cf-goods/uploads/images/options/item/2025/4/4030299665290073352.jpg,https://image.oliveyoung.co.kr/uploads/images/item/2025/4/6649696734880255680.jpg,167.6,169.21,152.68
에스쁘아,에스쁘아 노웨어스틱 바밍 글로우,lip,14호 스웨이 코랄,"24,000원",글로시,https://image.oliveyoung.co.kr/cfimages/cf-goods/uploads/images/options/item/2025/4/4484885594310450828.jpg,https://image.oliveyoung.co.kr/uploads/images/item/2025/4/3823920981258122909.jpg,169.3,166.3,153.26
에스쁘아,에스쁘아 노웨어스틱 바밍 글로우,lip,15호 피치 듀,"24,000원",글로시,https://image.oliveyoung.co.kr/cfimages/cf-goods/uploads/images/options/item/2025/4/6059849371434170589.jpg,https://image.oliveyoung.co.kr/uploads/images/item/2025/4/9186700455993193405.jpg,182.27,160.74,149.85
에스쁘아,에스쁘아 노웨어스틱 바밍 글로우,lip,16호 피치 바이브,"24,000원",글로시,https://image.oliveyoung.co.kr/cfimages/cf-goods/uploads/images/options/item/2025/4/6033446708717337703.jpg,https://image.oliveyoung.co.kr/uploads/images/item/2025/4/6928778409383100145.jpg,176.61,166.23,147.93
