brand,product_name,color_name,price,personal_color,color_detail,texture_tag,pros_summary,cons_summary,key_ingredients,product_id
롬앤,롬앤X조앤프렌즈 더 쥬시 래스팅 틴트,03 베어그레이프,13000,#여름쿨톤뮤트,그레이시한 포도빛 MLBB,#글로시 #과즙광 #촉촉,쿨톤에 자연스럽게 어울리는 차분한 컬러,착색이 약하고 지속력이 짧음,하이드로제네이티드폴리이소부텐,lip_롬앤_03베어그레이프_1763391224999
롬앤,롬앤X조앤프렌즈 더 쥬시 래스팅 틴트,29 조선무화과,13000,#가을웜톤뮤트,브라운기 무화과 로즈,#글로시 #무화과톤 #MLBB,웜톤 음영립으로 데일리 활용도 높음,발색이 어두워 입술색 진하면 탁해질 수 있음,비타민E,lip_롬앤_29조선무화과_1763391225000
롬앤,롬앤X조앤프렌즈 더 쥬시 래스팅 틴트,36 키튼리치,13000,#봄웜톤브라이트,선명한 코랄 피치,#글로시 #과즙립 #비비드,얼굴 톤을 화사하게 밝혀줌,쿨톤에겐 형광기처럼 보일 수 있음,호호바오일,lip_롬앤_36키튼리치_1763391225001
롬앤,롬앤X조앤프렌즈 더 쥬시 래스팅 틴트,37 구아바데이지,13000,#봄웜톤라이트,소프트 코랄 핑크,#투명광 #글로시,청순하고 여리한 인상 연출,각질 있는 경우 밀림 가능,시어버터,lip_롬앤_37_구아바데이지_1763391225002
롬앤,롬앤X조앤프렌즈 더 쥬시 래스팅 틴트,38 클라우디베리,13000,#여름쿨톤브라이트,쿨 베리 레드,#글로시 #포인트립,쿨톤 포인트 립으로 선명한 발색,입술 주름에 끼일 수 있음,폴리글리세릴,lip_롬앤_38_클라우디베리_1763391225003
롬앤,롬앤X조앤프렌즈 더 쥬시 래스팅 틴트,31 탠드코코,13000,#가을웜톤뮤트,코코넛 브라운 누드,#글로시 #브라운립,가을 음영 립으로 활용도 높음,쿨톤 피부에는 칙칙해 보일 수 있음,마카다미아오일,lip_롬앤_31_탠드코코_1763391225004
롬앤,롬앤X조앤프렌즈 더 쥬시 래스팅 틴트,32 태니 구아바,13000,#봄웜톤브라이트,쨍한 구아바 코랄,#글로시 #비비드,형광등 켠 듯한 톤업 효과,데일리로는 부담될 수 있음,합성왁스,lip_롬앤_32_태니_구아바_1763391225005
롬앤,롬앤X조앤프렌즈 더 쥬시 래스팅 틴트,33 알로하 쥬시,13000,#봄웜톤브라이트,트로피컬 오렌지 레드,#글로시 #여름립,여름 포인트 립으로 적합,각질 위 발색 얼룩 가능,식물성오일,lip_롬앤_33_알로하_쥬시_1763391225006
롬앤,롬앤X조앤프렌즈 더 쥬시 래스팅 틴트,23 피치피치미,13000,#봄웜톤라이트,연피치 핑크,#MLBB #글로시,데일리 피치 MLBB 컬러,입술색 진하면 표현이 약함,비타민E,lip_롬앤_23_피치_피치_미_1763391225007
롬앤,롬앤X조앤프렌즈 더 쥬시 래스팅 틴트,01 포멜로 스킨,13000,#봄웜톤라이트,베이지 피치 누드,#베이스립 #글로시,다른 립과 레이어링에 유용,단독 사용 시 존재감 약함,시어버터,lip_롬앤_01_포멜로_스킨_1763391225008
롬앤,롬앤X조앤프렌즈 더 쥬시 래스팅 틴트,02 누카다미아,13000,#가을웜톤뮤트,피넛 베이지 브라운,#누드립 #글로시,가을톤 베이스 립으로 적합,입술 어둡게 보일 수 있음,마카다미아씨오일,lip_롬앤_02_누카다미아_1763391225009
롬앤,롬앤X조앤프렌즈 더 쥬시 래스팅 틴트,06 필링앵두,13000,#여름쿨톤브라이트,체리 레드,#글로시 #레드립,피부톤을 밝히는 쿨 레드,과한 발색으로 데일리 사용 부담,적색산화철,lip_롬앤_06_필링_앵두_1763391225010
롬앤,롬앤X조앤프렌즈 더 쥬시 래스팅 틴트,04 피그피그,13000,#여름쿨톤뮤트,잿빛 무화과 핑크,#MLBB #글로시,쿨톤 MLBB 대표 컬러,탁해 보일 수 있음,하이드로제네이티드폴리이소부텐,lip_롬앤_04_피그_피그_1763391225013
롬앤,롬앤X조앤프렌즈 더 쥬시 래스팅 틴트,05 쥬쥬브,13000,#가을웜톤뮤트,말린 장미 브라운,#MLBB #브라운립,분위기 있는 색감 연출,덧바르면 어두워질 수 있음,비타민E,lip_롬앤_05_쥬쥬브_1763391225014
롬앤,롬앤X조앤프렌즈 더 쥬시 래스팅 틴트,08 핑크펌킨,13000,#봄웜톤브라이트,웜 핑크 코랄,#글로시 #핑크립,화사한 이미지 연출,형광기 느껴질 수 있음,식물성오일,lip_롬앤_08_핑크_펌킨_1763391225015
롬앤,롬앤X조앤프렌즈 더 쥬시 래스팅 틴트,07 체리밤,13000,#겨울쿨톤브라이트,버건디 체리,#선명 #글로시,겨울쿨톤 포인트 립,진한 컬러로 부담 가능,색소,lip_롬앤_07_체리_밤_1763391225016
롬앤,롬앤X조앤프렌즈 더 쥬시 래스팅 틴트,09 멀드피치,13000,#가을웜톤뮤트,말린 피치 브라운,#MLBB #글로시,차분한 데일리 립,쿨톤에겐 칙칙,보습에스터,lip_롬앤_09_멀드_피치_1763391225017
롬앤,롬앤X조앤프렌즈 더 쥬시 래스팅 틴트,10 베어애프리콧,13000,#봄웜톤라이트,연살구,#투명발색 #글로시,내추럴 메이크업 적합,컬러 표현 약함,호호바오일,lip_롬앤_10_베어_애프리콧_1763391225018
롬앤,롬앤X조앤프렌즈 더 쥬시 래스팅 틴트,11 파파야잼,13000,#봄웜톤브라이트,파파야 코랄,#쨍함 #글로시,생기 있는 립 연출,번짐 가능,합성왁스,lip_롬앤_11_파파야_잼_1763391225019
롬앤,롬앤X조앤프렌즈 더 쥬시 래스팅 틴트,12 애플브라운,13000,#가을웜톤뮤트,로즈 브라운,#분위기립,분위기 있는 가을 메이크업,입술 착색 불균형,비타민E,lip_롬앤_12_애플_브라운_1763391225020
롬앤,롬앤X조앤프렌즈 더 쥬시 래스팅 틴트,13 잇도토리,13000,#가을웜톤뮤트,도토리 브라운,#음영립,음영 컬러로 활용도 높음,주름 부각,보습오일,lip_롬앤_13_잇_도토리_1763391225021
롬앤,롬앤X조앤프렌즈 더 쥬시 래스팅 틴트,14 아몬드로즈,13000,#가을웜톤뮤트,로즈 브라운 누드,#MLBB,차분하고 고급스러운 컬러,건조감 있음,시어버터,lip_롬앤_14_아몬드_로즈_1763391225022
롬앤,롬앤X조앤프렌즈 더 쥬시 래스팅 틴트,15 베어피그,13000,#여름쿨톤뮤트,말린 무화과 핑크,#MLBB,쿨톤 차분립으로 좋음,입술색에 따라 발색 차이,보습에스터,lip_롬앤_15_베어_피그_1763391225023
롬앤,롬앤X조앤프렌즈 더 쥬시 래스팅 틴트,16 플럼콕,13000,#겨울쿨톤브라이트,딥 플럼,#포인트립,겨울 쿨톤에 선명,각질 부각,색소,lip_롬앤_16_플럼_콕_1763391225024
롬앤,롬앤X조앤프렌즈 더 쥬시 래스팅 틴트,17 다크코코넛,13000,#가을웜톤딥,초콜릿 브라운,#립메이크업완성,시크한 무드,입술 어둡게 보일 수 있음,마카다미아씨오일,lip_롬앤_17_다크_코코넛_1763391225025
롬앤,롬앤X조앤프렌즈 더 쥬시 래스팅 틴트,19 썸머센트,13000,#여름쿨톤라이트,연베리 핑크,#청량립,여름 데일리 컬러,지속력 약함,비타민E,lip_롬앤_19_썸머_센트_1763391225026
롬앤,롬앤X조앤프렌즈 더 쥬시 래스팅 틴트,20 쥬쥬피그,13000,#가을웜톤브라이트,핑크 브라운,#톤업,웜톤에 혈색 추가,쿨톤에 탁함,시어버터,lip_롬앤_20_쥬쥬_피그_1763391225027
롬앤,롬앤X조앤프렌즈 더 쥬시 래스팅 틴트,21 그레이프밤,13000,#여름쿨톤뮤트,그레이 베리,#MLBB,차분한 분위기,회기 강함,보습오일,lip_롬앤_21_그레이프_밤_1763391225028
롬앤,롬앤X조앤프렌즈 더 쥬시 래스팅 틴트,22 도토리밤,13000,#가을웜톤뮤트,웜 브라운,#음영,윤곽 강조,입술 주름 끼임,식물성왁스,lip_롬앤_22_도토리_밤_1763391225029
롬앤,롬앤X조앤프렌즈 더 쥬시 래스팅 틴트,24 베어쥬시오,13000,#봄웜톤라이트,연코랄 베이지,#내추럴,데일리 최적,색감 약함,호호바오일,lip_롬앤_24_베어_쥬시_오_1763391225030
롬앤,롬앤X조앤프렌즈 더 쥬시 래스팅 틴트,26 신비복숭아,13000,#봄웜톤라이트,피치 핑크,#청순립,화사한 이미지,각질 강조,비타민E,lip_롬앤_26_신비_복숭아_1763391225031
롬앤,롬앤X조앤프렌즈 더 쥬시 래스팅 틴트,27 허니듀멜론,13000,#봄웜톤라이트,연코랄 멜론,#투명광,수분립 연출,지속력 짧음,보습오일,lip_롬앤_27_허니_듀_멜론_1763391225032
롬앤,롬앤X조앤프렌즈 더 쥬시 래스팅 틴트,28 설화딸기,13000,#여름쿨톤라이트,딸기 핑크,#청량립,맑은 컬러감,색 지속 약함,비타민E,lip_롬앤_28_설화_딸기_1763391225033
롬앤,롬앤X조앤프렌즈 더 쥬시 래스팅 틴트,30 보늬밤,13000,#가을웜톤딥,밤 브라운,#딥톤립,깊은 분위기,데일리엔 무거움,마카다미아오일,lip_롬앤_30_보늬_밤_1763391225034
롬앤,롬앤X조앤프렌즈 글래스팅 멜팅 밤,19 핑크젤리,13000,#여름쿨톤라이트,맑은 젤리 핑크,#글로시 #젤리광 #보습,투명한 혈색 연출로 생기 있어 보임,고온에서 쉽게 녹아 번질 수 있음,시어버터,lip_롬앤_19_핑크젤리_1763391225035
롬앤,롬앤X조앤프렌즈 글래스팅 멜팅 밤,20 데이지젤리,13000,#봄웜톤라이트,소프트 코랄 핑크,#글로시 #수분광,화사하고 청순한 분위기,컬러 지속력 약함,보습오일,lip_롬앤_20_데이지젤리_1763391225036
롬앤,롬앤X조앤프렌즈 글래스팅 멜팅 밤,1호 코코 누드,13000,#가을웜톤라이트,코코아 베이지 누드,#밤립 #유리광 #보습,입술결 정돈과 자연스러운 누드 연출,발색이 약함,시어버터,lip_롬앤_19_핑크젤리_1763391225035
롬앤,롬앤X조앤프렌즈 글래스팅 멜팅 밤,2호 러비 핑크,13000,#봄웜톤라이트,코랄빛 핑크,#밤립 #데일리,데일리 혈색용으로 적합,착색 거의 없음,보습에스터,lip_롬앤_20_데이지젤리_1763391225036
롬앤,롬앤X조앤프렌즈 글래스팅 멜팅 밤,3호 소르베 밤,13000,#가을웜톤뮤트,살구 브라운,#밤립 #MLBB,차분한 분위기,여름에 녹기 쉬움,식물성왁스,lip_롬앤_3호_소르베_밤_1763391225039
롬앤,롬앤X조앤프렌즈 글래스팅 멜팅 밤,4호 히피 베리,13000,#겨울쿨톤브라이트,선명한 베리 레드,#포인트립 #글로시,포인트 립 연출,주름 끼임 가능,시어버터,lip_롬앤_4호_히피_베리_1763391225040
롬앤,롬앤X조앤프렌즈 글래스팅 멜팅 밤,5호 누가 샌드,13000,#가을웜톤라이트,누디 베이지 브라운,#누드립,베이스 립으로 활용도 높음,단독 발색 약함,마카다미아오일,lip_롬앤_5호_누가_샌드_1763391225041
롬앤,롬앤X조앤프렌즈 글래스팅 멜팅 밤,6호 카야 피그,13000,#여름쿨톤뮤트,피그 MLBB,#톤보정 #MLBB,쿨톤 데일리 립으로 안정적,각질 부각,비타민E,lip_롬앤_06호_카야_피그_1763391225042
롬앤,롬앤X조앤프렌즈 글래스팅 멜팅 밤,7호 모브 휩,13000,#여름쿨톤뮤트,소프트 모브 핑크,#무드립 #쿨톤,차분하고 성숙한 인상,약간 회기 돌 수 있음,보습오일,lip_롬앤_7호_모브_휩_1763391225043
롬앤,롬앤X조앤프렌즈 글래스팅 멜팅 밤,8호 코랄리아,13000,#봄웜톤브라이트,쨍한 코랄,#비비드 #광택,피부톤을 밝혀줌,형광기 느껴질 수 있음,호호바오일,lip_롬앤_8호_코랄리아_1763391225044
롬앤,롬앤X조앤프렌즈 글래스팅 멜팅 밤,10호 누 베이지,13000,#봄웜톤라이트,연베이지 누드,#베이스립,레이어링용으로 활용도 높음,입술 존재감 약함,시어버터,lip_롬앤_10호_누_베이지_1763391225045
롬앤,롬앤X조앤프렌즈 글래스팅 멜팅 밤,11호 버피 코랄,13000,#봄웜톤라이트,웜 코랄,#혈색용,자연스러운 생기 부여,지속력 부족,보습에스터,lip_롬앤_11호_버피_코랄_1763391225046
롬앤,롬앤X조앤프렌즈 글래스팅 멜팅 밤,12호 베일드 로즈,13000,#가을웜톤뮤트,로즈 브라운,#분위기립,성숙한 분위기,발색 균일하지 않을 수 있음,식물성오일,lip_롬앤_12호_베일드_로즈_1763391225047
롬앤,롬앤X조앤프렌즈 글래스팅 멜팅 밤,13호 스카치 누드,13000,#가을웜톤딥,딥 누드 브라운,#딥톤,톤 다운 메이크업에 적합,입술 어둡게 보일 수 있음,마카다미아씨오일,lip_롬앤_13호_스카치_누드_1763391225048
롬앤,롬앤X조앤프렌즈 글래스팅 멜팅 밤,14호 디어 애플,13000,#봄웜톤브라이트,애플 레드,#상큼립,상큼한 이미지,과도하면 부담,비타민E,lip_롬앤_14호_디어_애플_1763391225049
롬앤,롬앤X조앤프렌즈 글래스팅 멜팅 밤,15호 피칸 브루,13000,#가을웜톤딥,브루 브라운,#가을립,가을 메이크업에 제격,각질 강조,시어버터,lip_롬앤_15호_피칸_브루_1763391225050
롬앤,롬앤X조앤프렌즈 글래스팅 멜팅 밤,16호 키튼 피치,13000,#봄웜톤라이트,연피치,#청순,내추럴 연출,컬러 지속 약함,호호바오일,lip_롬앤_16호_키튼_피치_1763391225051
롬앤,롬앤X조앤프렌즈 글래스팅 컬러 글로스,19 조이베리,13000,#겨울쿨톤브라이트,비비드 베리,#글로스 #쨍함,화사한 포인트,번짐 가능,보습폴리머,lip_롬앤_19_조이베리_1763391225052
롬앤,롬앤X조앤프렌즈 글래스팅 컬러 글로스,20 클라우드민트,13000,#여름쿨톤라이트,쿨 민트 핑크,#투명광,쿨톤 라이트에 청량,단독 발색 약함,보습에스터,lip_롬앤_20_클라우드민트_1763391225053
롬앤,롬앤X조앤프렌즈 글래스팅 컬러 글로스,13 구아바크림,13000,#봄웜톤라이트,크리미 코랄,#웜톤립,부드러운 컬러,지속력 짧음,시어버터,lip_롬앤_13구아바크림_1763391225054
롬앤,롬앤X조앤프렌즈 글래스팅 컬러 글로스,01 피오니 발레,13000,#여름쿨톤라이트,페일 핑크,#청순광,맑은 이미지,컬러 표현 약함,비타민E,lip_롬앤_01_피오니_발레_1763391225055
롬앤,롬앤X조앤프렌즈 글래스팅 컬러 글로스,02 너티 베이그,13000,#가을웜톤뮤트,누디 브라운,#누드립,레트로 무드,입술 탁해 보일 수 있음,마카다미아오일,lip_롬앤_02_너티_베이그_1763391225056
롬앤,롬앤X조앤프렌즈 글래스팅 컬러 글로스,03 로즈 핀치,13000,#여름쿨톤뮤트,로즈 핑크,#MLBB,차분한 분위기,회끼 도는 편,보습오일,lip_롬앤_03_로즈_핀치_1763391225057
롬앤,롬앤X조앤프렌즈 글래스팅 컬러 글로스,04 그레이피 웨이,13000,#여름쿨톤뮤트,그레이 베리,#쿨베리,세련된 무드 연출,호불호 색상,색소,lip_롬앤_04_그레이피_웨이_1763391225058
롬앤,롬앤X조앤프렌즈 글래스팅 컬러 글로스,05 딤 모브,13000,#여름쿨톤뮤트,딥 모브,#무드립,성숙한 분위기,주름끼임,보습에스터,lip_롬앤_05_딤_모브_1763391225059
롬앤,롬앤X조앤프렌즈 글래스팅 컬러 글로스,06 디픈 무어,13000,#겨울쿨톤딥,다크 퍼플,#딥톤,시크한 느낌,데일리 비추천,색소,lip_롬앤_06_디픈_무어_1763391225060
롬앤,롬앤X조앤프렌즈 글래스팅 컬러 글로스,07 스프링 피버,13000,#봄웜톤브라이트,형광 코랄,#비비드,봄 메이크업 찰떡,부담스러울 수 있음,호호바오일,lip_롬앤_07_스프링_피버_1763391225061
롬앤,롬앤X조앤프렌즈 글래스팅 컬러 글로스,08 체리 업,13000,#겨울쿨톤브라이트,선명 체리 레드,#포인트,쿨톤에 선명,번짐,색소,lip_롬앤_08_체리_업_1763391225062
롬앤,롬앤X조앤프렌즈 글래스팅 컬러 글로스,12 크림 쉘,13000,#봄웜톤라이트,피치 베이지,#데일리,과하지 않은 컬러,연함,보습에스터,lip_롬앤_12_크림_쉘_1763391225063
롬앤,롬앤X조앤프렌즈 블러 퍼지 틴트,02 로지엔탈,13000,#여름쿨톤뮤트,로지핑크,#소프트매트 #블러,고급스러운 무드,건조함,실리카,lip_롬앤_02_로지엔탈_1763391225064
롬앤,롬앤X조앤프렌즈 블러 퍼지 틴트,07 쿨로즈업,13000,#겨울쿨톤브라이트,쿨 로즈,#매트,포인트 컬러,각질부각,실리카,lip_롬앤_07_쿨로즈업_1763391225065
롬앤,롬앤X조앤프렌즈 블러 퍼지 틴트,01 포멜로코,13000,#봄웜톤라이트,누디 코랄,#매트MLBB,데일리 최적,색 지속력 짧음,합성왁스,lip_롬앤_01_포멜로코_1763391225066
롬앤,롬앤X조앤프렌즈 블러 퍼지 틴트,03 머스키,13000,#가을웜톤뮤트,브릭 브라운,#무드립,가을 분위기,입술 들뜸,실리카,lip_롬앤_03_머스키_1763391225067
롬앤,롬앤X조앤프렌즈 블러 퍼지 틴트,04 라드 우드,13000,#가을웜톤딥,레드 브라운,#딥립,강렬한 인상,데일리 부담,색소,lip_롬앤_04_라드_우드_1763391225068
롬앤,롬앤X조앤프렌즈 블러 퍼지 틴트,05 비비 캔디,13000,#봄웜톤라이트,코랄 핑크,#사탕립,귀여운 무드,각질 강조,실리카,lip_롬앤_05_비비_캔디_1763391225069
롬앤,롬앤X조앤프렌즈 블러 퍼지 틴트,06 모비쉬,13000,#여름쿨톤뮤트,모브 MLBB,#쿨톤립,차분한 느낌,건조함,합성왁스,lip_롬앤_06_모비쉬_1763391225070
롬앤,롬앤X조앤프렌즈 블러 퍼지 틴트,08 커런트 잼,13000,#겨울쿨톤딥,다크 베리,#딥톤,겨울쿨톤 최적,발림 무거움,색소,lip_롬앤_08_커런트_잼_1763391225071
롬앤,롬앤X조앤프렌즈 블러 퍼지 틴트,09 코랄 쥬빌레,13000,#봄웜톤브라이트,쨍한 코랄,#비비드,화사함,형광기,보습첨가제,lip_롬앤_09_코랄_쥬빌레_1763391225072
롬앤,롬앤X조앤프렌즈 블러 퍼지 틴트,10 퍼지 레드,13000,#겨울쿨톤브라이트,클래식 레드,#레드립,선명함,덕지덕지 발림 가능,색소,lip_롬앤_10_퍼지_레드_1763391225073
롬앤,롬앤X조앤프렌즈 블러 퍼지 틴트,11 푸시아 바이브,13000,#겨울쿨톤브라이트,푸시아 핑크,#포인트,쿨톤 찰떡,데일리 부담,색소,lip_롬앤_11_푸시아_바이브_1763391225074
롬앤,롬앤X조앤프렌즈 블러 퍼지 틴트,12 웜밍 업,13000,#가을웜톤브라이트,웜 브릭,#웜톤립,피부 톤업,건조함,실리카,lip_롬앤_12_웜밍_업_1763391225075
롬앤,롬앤X조앤프렌즈 블러 퍼지 틴트,13 쿨링 업,13000,#여름쿨톤브라이트,쿨 핑크,#쿨톤립,청량함,착색 약함,보습에스터,lip_롬앤_13_쿨링_업_1763391225076
롬앤,롬앤X조앤프렌즈 블러 퍼지 틴트,14 언로즈,13000,#가을웜톤뮤트,로즈 브라운,#차분립,우아한 무드,들뜸,실리카,lip_롬앤_14_언로즈_1763391225077
롬앤,롬앤X조앤프렌즈 블러 퍼지 틴트,15 베리 피즈,13000,#여름쿨톤브라이트,베리 핑크,#상큼립,생기 부여,건조함,색소,lip_롬앤_15_베리_피즈_1763391225078
롬앤,롬앤X조앤프렌즈 블러 퍼지 틴트,17 피치 다운,13000,#봄웜톤뮤트,톤다운 피치,#데일리,부담 없는 컬러,지속력 짧음,합성왁스,lip_롬앤_17_피치_다운_1763391225079
롬앤,롬앤 제로 매트 립스틱,22 모브 빈즈,12000,#여름쿨톤뮤트,차분한 모브 로즈 베이지,#매트 #MLBB #블러립,차분하고 고급스러운 분위기 연출,건조함 느껴질 수 있고 각질 부각 가능,시어버터,lip_롬앤_22_모브_빈즈_1763391225080
롬앤,롬앤 제로 매트 립스틱,01 더스티핑크,12000,#봄웜톤라이트,말린 장미빛 핑크,#소프트매트 #데일리,얼굴을 화사하게 보정,지속력 짧은 편,비타민E,lip_롬앤_01_더스티핑크_1763391225081
롬앤,롬앤 제로 매트 립스틱,02 올 댓 재즈,12000,#가을웜톤뮤트,브릭 로즈 브라운,#매트 #분위기립,가을 무드 연출 탁월,발색 진해서 데일리 사용 주의,카나우바왁스,lip_롬앤_02_올_댓_재즈_1763391225082
롬앤,롬앤 제로 매트 립스틱,03 실루엣,12000,#여름쿨톤뮤트,그레이시 핑크,#무광 #MLBB,쿨톤 데일리 립으로 적합,입술 주름 부각,마이카,lip_롬앤_03_실루엣_1763391225083
롬앤,롬앤 제로 매트 립스틱,04 비포 선셋,12000,#봄웜톤브라이트,노을빛 오렌지 코랄,#매트 #톤업,피부톤 확 밝힘,쿨톤에는 부담,적색산화철,lip_롬앤_04_비포_선셋_1763391225084
롬앤,롬앤 제로 매트 립스틱,05 이브닝,12000,#가을웜톤브라이트,레드 브라운,#풀커버 #매트,선명한 분위기 연출,덧바르면 입술 답답,색소,lip_롬앤_05_이브닝_1763391225085
롬앤,롬앤 제로 매트 립스틱,06 어썸,12000,#여름쿨톤브라이트,선명 핑크 레드,#푸시아 #매트,얼굴 생기 즉각 상승,형광기 있음,티타늄디옥사이드,lip_롬앤_06_어썸_1763391225086
롬앤,롬앤 제로 매트 립스틱,07 엔비 미,12000,#겨울쿨톤브라이트,버건디 레드,#포인트립,겨울딥 쿨톤에 최적,진해서 마스크 착색 심함,적색202호,lip_롬앤_07_엔비_미_1763391225087
롬앤,롬앤 제로 매트 립스틱,08 어도러블,12000,#봄웜톤라이트,베이비 핑크,#소프트매트,청순한 분위기,입술색 진하면 발색 약함,마이카,lip_롬앤_08_어도러블_1763391225088
롬앤,롬앤 제로 매트 립스틱,10 핑크 샌드,12000,#봄웜톤뮤트,로지 핑크 베이지,#누디립,입술톤 보정 용도 탁월,컬러 존재감 약함,시어버터,lip_롬앤_10_핑크_샌드_1763391225089
롬앤,롬앤 제로 매트 립스틱,11 선라이트,12000,#봄웜톤브라이트,오렌지 코랄,#톤업립,피부 생기 상승,쿨톤에 탁해보임,호호바오일,lip_롬앤_11_선라이트_1763391225090
롬앤,롬앤 제로 매트 립스틱,12 썸띵,12000,#여름쿨톤뮤트,뉴트럴 로즈,#MLBB,데일리 활용도 높음,각질 위 부각,비타민E,lip_롬앤_12_썸띵_1763391225091
롬앤,롬앤 제로 매트 립스틱,13 레드 카펫,12000,#겨울쿨톤브라이트,정석 레드,#정통레드 #무광,강렬한 무드,치아 노래보일 수 있음,적색201호,lip_롬앤_13_레드_카펫_1763391225092
롬앤,롬앤 제로 매트 립스틱,14 스윗 피,12000,#봄웜톤라이트,소프트 피치,#부드러운,여리여리함 강조,발색 약함,카나우바왁스,lip_롬앤_14_스윗_피_1763391225093
롬앤,롬앤 제로 매트 립스틱,15 미드 나잇,12000,#겨울쿨톤딥,레드와 블랙 혼합,#딥레드,강렬한 포인트,데일리 어렵,흑색산화철,lip_롬앤_15_미드_나잇_1763391225094
롬앤,롬앤 제로 매트 립스틱,16 대즐 레드,12000,#겨울쿨톤브라이트,코랄기 레드,#선명립,컬러감 또렷,각질 부각,색소,lip_롬앤_16_대즐_레드_1763391225095
롬앤,롬앤 제로 매트 립스틱,17 레드 히트,12000,#겨울쿨톤브라이트,핑크기 레드,#푸시아,쨍한 립,번짐 있음,적색염료,lip_롬앤_17_레드_히트_1763391225096
롬앤,롬앤 제로 매트 립스틱,18 태닝 레드,12000,#가을웜톤딥,브릭 레드,#웜레드,웜톤 최적,쿨톤엔 탁함,산화철,lip_롬앤_18_태닝_레드_1763391225097
롬앤,롬앤 제로 매트 립스틱,19 레드 서퍼,12000,#봄웜톤브라이트,코랄레드,#썬레드,여름 포인트,진함 주의,카민,lip_롬앤_19_레드_서퍼_1763391225098
롬앤,롬앤 제로 매트 립스틱,20 레드다이브,12000,#겨울쿨톤브라이트,블루레드,#쿨레드,얼굴 선명,지속력 약함,색소,lip_롬앤_20_레드다이브_1763391225099
롬앤,롬앤 제로 매트 립스틱,21 스모크드 베이지,12000,#가을웜톤뮤트,회브라운 누드,#누디립,분위기 립,얼굴 칙칙,티타늄디옥사이드,lip_롬앤_21_스모크드_베이지_1763391225100
롬앤,롬앤 제로 매트 립스틱,09 쉘 누드,12000,#봄웜톤라이트,살구 누드,#베이스립,베이스용 적합,단독 부적합,마이카,lip_롬앤_09_쉘_누드_1763391225101
에뛰드,[에뛰드 X 조효진 공동개발] 진저슈가 립 세럼,01 플럼 잼,14000,#겨울쿨톤뮤트,플럼 와인,#립세럼 #보습,입술 보습감 우수,색 지속 거의 없음,진저오일,lip_에뛰드_01_플럼_잼_1763391225102
에뛰드,[에뛰드 X 조효진 공동개발] 진저슈가 립 세럼,02 모브 로즈,14000,#여름쿨톤뮤트,로즈 모브,#세럼립,혈색 개선,번짐 있음,꿀추출물,lip_에뛰드_02_모브_로즈_1763391225103
에뛰드,[에뛰드 X 조효진 공동개발] 진저슈가 립 세럼,03 누디 베이지,14000,#봄웜톤라이트,살구 베이지,#데일리립,연출 쉬움,발색 미미,보습에스터,lip_에뛰드_03_누디_베이지_1763391225104
에뛰드,[에뛰드 X 조효진 공동개발] 진저슈가 립 세럼,04 베일 레드,14000,#겨울쿨톤브라이트,쨍한 레드,#컬러세럼,컬러+보습,각질 들뜸,진저오일,lip_에뛰드_04_베일_레드_1763391225105
에뛰드,[에뛰드 X 조효진 공동개발] 진저슈가 립 세럼,05 피치 멜론,14000,#봄웜톤라이트,복숭아 멜론,#청순립,화사함,묻어남,비타민E,lip_에뛰드_05_피치_멜론_1763391225106
에뛰드,[에뛰드 X 조효진 공동개발] 진저슈가 립 세럼,06 오트 브라운,14000,#가을웜톤뮤트,뉴트럴 브라운,#음영립,자연스러운 음영,쿨톤에는 탁함,시어버터,lip_에뛰드_06_오트_브라운_1763391225107
에뛰드,[에뛰드 X 조효진 공동개발] 진저슈가 립 세럼,07 코지 모브,14000,#여름쿨톤뮤트,그레이 모브,#MLBB,차분한 무드,색 지속 약함,꿀추출물,lip_에뛰드_07_코지_모브_1763391225108
hince,힌스 로 글로우 젤 틴트,01 베어,17000,#봄웜톤라이트,누디 살구,#젤틴트 #광택,자연스러움,지속력 약함,호호바오일,lip_hince_01_베어_1763391225109
hince,힌스 로 글로우 젤 틴트,02 로 로즈,17000,#여름쿨톤라이트,로즈 핑크,#수분립,여리여리함,묻어남 있음,비타민E,lip_hince_02_로_로즈_1763391225110
hince,힌스 로 글로우 젤 틴트,03 로프리콧,17000,#봄웜톤라이트,살구 피치,#내추럴립,데일리 최적,발색 약함,식물성오일,lip_hince_03_로프리콧_1763391225111
hince,힌스 로 글로우 젤 틴트,04 피버,17000,#겨울쿨톤브라이트,선명 레드,#포인트립,얼굴톤 확실,번짐 있음,색소,lip_hince_04_피버_1763391225112
hince,힌스 로 글로우 젤 틴트,05 히비스커스,17000,#여름쿨톤브라이트,핑크 레드,#청량립,상큼한 무드,지속 짧음,비타민E,lip_hince_05_히비스커스_1763391225113
hince,힌스 로 글로우 젤 틴트,06 로 그레이프,17000,#여름쿨톤뮤트,베리 포도,#쿨베리,차분한 발색,회기 있음,포도추출물,lip_hince_06_로_그레이프_1763391225114
hince,힌스 로 글로우 젤 틴트,07 칠,17000,#가을웜톤뮤트,브라운 누드,#분위기립,톤다운 효과,입술 건조,시어버터,lip_hince_07_칠_1763391225115
hince,힌스 로 글로우 젤 틴트,08 레어,17000,#여름쿨톤라이트,라이트 핑크,#청순립,맑은 인상,존재감 약함,비타민E,lip_hince_08_레어_1763391225116
hince,힌스 로 글로우 젤 틴트,09 로 라일락,17000,#여름쿨톤뮤트,라일락 로즈,#쿨톤립,유니크,피부톤 갈림,색소,lip_hince_09_로_라일락_1763391225117
hince,힌스 로 글로우 젤 틴트,10 로 체리,17000,#겨울쿨톤브라이트,체리 레드,#포인트,발색 우수,착색 강함,체리추출물,lip_hince_10_로_체리_1763391225118
hince,힌스 로 글로우 젤 틴트,11 차이,17000,#가을웜톤뮤트,브라운 레드,#웜톤립,분위기 연출,쿨톤은 탁함,시어버터,lip_hince_11_차이_1763391225119
hince,힌스 로 글로우 젤 틴트,12 로 휘그,17000,#가을웜톤뮤트,무화과 베리,#MLBB,차분한 컬러,회기 있음,무화과추출물,lip_hince_12_로_휘그_1763391225120
hince,힌스 로 글로우 젤 틴트,13 핑크 페퍼,17000,#봄웜톤브라이트,코랄 핑크,#톤업립,얼굴 생기,형광기 있음,색소,lip_hince_13_핑크_페퍼_1763391225121
hince,힌스 로 글로우 젤 틴트,14 로 코코,17000,#가을웜톤뮤트,코코아 브라운,#누디립,분위기 립,얼굴 어두움,시어버터,lip_hince_14_로_코코_1763391225122
hince,힌스 로 글로우 젤 틴트,15 바이트,17000,#겨울쿨톤브라이트,버건디,#딥립,시크한 무드,각질 부각,색소,lip_hince_15_바이트_1763391225123
hince,힌스 로 글로우 젤 틴트,16 로 베리,17000,#겨울쿨톤뮤트,베리 와인,#딥베리,고급 무드,데일리 힘듦,비타민E,lip_hince_16_로_베리_1763391225124
hince,힌스 로 글로우 젤 틴트,17 로 피치,17000,#봄웜톤라이트,복숭아 코랄,#청순립,화사함,색 지속 약함,식물성오일,lip_hince_17_로_피치_1763391225125
hince,힌스 로 글로우 젤 틴트,26 로즈 프레소,17000,#가을웜톤뮤트,딥 로즈,#무드립,고급스러운 색,쿨톤 탁함,시어버터,lip_hince_26_로즈_프레소_1763391225126
hince,힌스 로 글로우 젤 틴트,27 얼루어 로즈,17000,#겨울쿨톤뮤트,다크 로즈,#딥핑크,분위기 연출,발색 강함,색소,lip_hince_27_얼루어_로즈_1763391225127
컬러그램,컬러그램 누디 블러 틴트,03 피그블리,10000,#여름쿨톤뮤트,그레이시 무화과 핑크,#세미매트 #블러립,차분한 MLBB 연출 가능,각질 부각 있음,비타민E,lip_컬러그램_03_피그블리_1763391225128
컬러그램,컬러그램 누디 블러 틴트,07 긱로즈,10000,#여름쿨톤뮤트,쿨 로즈 핑크,#세미매트,쿨톤에 착붙,입술 주름 부각,시어버터,lip_컬러그램_07_긱로즈_1763391225129
컬러그램,컬러그램 누디 블러 틴트,22 잔망베이지,10000,#봄웜톤라이트,소프트 베이지,#누디립,베이스립으로 최적,단독 발색 약함,보습오일,lip_컬러그램_22_잔망베이지_1763391225130
컬러그램,컬러그램 누디 블러 틴트,23 잔망로즈,10000,#봄웜톤라이트,로즈 베이지,#MLBB,혈색 보정,웜톤 아닌 경우 탁함,마카다미아오일,lip_컬러그램_23_잔망로즈_1763391225131
컬러그램,컬러그램 누디 블러 틴트,01 살구살몬,10000,#봄웜톤라이트,살구 코랄,#청순립,화사한 인상,지속력 짧음,비타민E,lip_컬러그램_01_살구살몬_1763391225132
컬러그램,컬러그램 누디 블러 틴트,02 플러핑크,10000,#봄웜톤브라이트,밝은 핑크,#톤업립,얼굴 화사,형광기 있음,호호바오일,lip_컬러그램_02_플러핑크_1763391225133
컬러그램,컬러그램 누디 블러 틴트,04 코랄릿,10000,#봄웜톤브라이트,코랄 오렌지,#웜코랄,상큼한 인상,쿨톤엔 부담,색소,lip_컬러그램_04_코랄릿_1763391225134
컬러그램,컬러그램 누디 블러 틴트,05 레드티지,10000,#겨울쿨톤브라이트,선명한 레드,#포인트립,발색 우수,각질 위 들뜸,색소,lip_컬러그램_05_레드티지_1763391225135
컬러그램,컬러그램 누디 블러 틴트,06 베리비키,10000,#겨울쿨톤뮤트,베리 와인,#딥베리,쿨톤 딥 컬러,데일리 부담,비타민E,lip_컬러그램_06_베리비키_1763391225136
컬러그램,컬러그램 누디 블러 틴트,08 힙초콜릿,10000,#가을웜톤딥,코코아 브라운,#음영립,고급스러운 분위기,입술 건조,시어버터,lip_컬러그램_08_힙초콜릿_1763391225137
컬러그램,컬러그램 누디 블러 틴트,09 바미레드,10000,#겨울쿨톤브라이트,푸시아 레드,#쿨레드,피부톤 선명,번짐 있음,색소,lip_컬러그램_09_바미레드_1763391225138
컬러그램,컬러그램 누디 블러 틴트,10 데드로즈,10000,#가을웜톤뮤트,로즈 브라운,#분위기립,차분한 무드,쿨톤 탁함,보습오일,lip_컬러그램_10_데드로즈_1763391225139
컬러그램,컬러그램 누디 블러 틴트,11 딥초콜릿,10000,#가을웜톤딥,다크 브라운,#딥톤,가을웜 완벽,입술 주름 부각,마이카,lip_컬러그램_11_딥초콜릿_1763391225140
컬러그램,컬러그램 누디 블러 틴트,12 플럼디헬,10000,#겨울쿨톤딥,와인 플럼,#딥립,고급 무드,데일리용 아님,색소,lip_컬러그램_12_플럼디헬_1763391225141
컬러그램,컬러그램 누디 블러 틴트,13 번트마롱,10000,#가을웜톤뮤트,적갈 브라운,#브라운립,가을 무드 연출,쿨톤 어두움,시어버터,lip_컬러그램_13_번트마롱_1763391225142
컬러그램,컬러그램 누디 블러 틴트,14 딸기멜로,10000,#여름쿨톤라이트,연딸기 핑크,#청순립,맑은色감,지속력 약함,비타민E,lip_컬러그램_14_딸기멜로_1763391225143
컬러그램,컬러그램 누디 블러 틴트,15 살구라이트,10000,#봄웜톤라이트,살구 베이지,#누디,자연스러운 톤업,존재감 약함,호호바오일,lip_컬러그램_15_살구라이트_1763391225144
컬러그램,컬러그램 누디 블러 틴트,16 로코코랄,10000,#봄웜톤브라이트,선명 코랄,#코랄립,활기찬 인상,형광기 있음,색소,lip_컬러그램_16_로코코랄_1763391225145
컬러그램,컬러그램 누디 블러 틴트,17 이븐피치,10000,#봄웜톤라이트,라이트 피치,#데일리,부담없는 컬러,착색 약함,비타민E,lip_컬러그램_17_이븐피치_1763391225146
컬러그램,컬러그램 누디 블러 틴트,18 베리몰리,10000,#여름쿨톤뮤트,쿨 베리,#쿨톤립,여름쿨 최적,번짐 있음,포도추출물,lip_컬러그램_18_베리몰리_1763391225147
페리페라,페리페라 잉크 무드 글로이 틴트,03 맘찍로즈,11000,#여름쿨톤뮤트,로즈 핑크,#글로이,발림성 좋음,묻어남 심함,보습에스터,lip_페리페라_03_맘찍로즈_1763391225148
페리페라,페리페라 잉크 무드 글로이 틴트,04 갓기천사,11000,#봄웜톤라이트,피치 핑크,#광택립,맑은 연출,지속력 약함,비타민E,lip_페리페라_04_갓기천사_1763391225149
페리페라,페리페라 잉크 무드 글로이 틴트,41 갓기구마,11000,#가을웜톤뮤트,고구마 브라운,#웜브라운,분위기 연출,쿨톤 탁함,보습오일,lip_페리페라_41_갓기구마_1763391225150
페리페라,페리페라 잉크 무드 글로이 틴트,42 제철핑구마,11000,#가을웜톤브라이트,레드 고구마,#글로이,웜톤 혈색,진함 주의,색소,lip_페리페라_42_제철핑구마_1763391225151
페리페라,페리페라 잉크 무드 글로이 틴트,02 손웜수템,11000,#봄웜톤브라이트,코랄 누드,#데일리립,활력있음,각질 부각,비타민E,lip_페리페라_02_손웜수템_1763391225152
페리페라,페리페라 잉크 무드 글로이 틴트,05 어쩔체리,11000,#겨울쿨톤브라이트,체리 레드,#포인트립,형광기 있음,번짐,색소,lip_페리페라_05_어쩔체리_1763391225153
페리페라,페리페라 잉크 무드 글로이 틴트,20 당맛도리,11000,#봄웜톤라이트,살구 베이지,#누디,부담없음,발색 약함,보습에스터,lip_페리페라_20_당맛도리_1763391225154
페리페라,페리페라 잉크 무드 글로이 틴트,21 쿨소평가,11000,#여름쿨톤뮤트,로즈 베리,#쿨톤립,차분한 분위기,착색 불균형,비타민E,lip_페리페라_21_쿨소평가_1763391225155
페리페라,페리페라 잉크 무드 글로이 틴트,22 쿨계포상,11000,#겨울쿨톤브라이트,코발트 레드,#선명,겨울쿨 최적,과한 발색,색소,lip_페리페라_22_쿨계포상_1763391225157
페리페라,페리페라 잉크 무드 글로이 틴트,23 쩡신차렷,11000,#겨울쿨톤딥,와인 레드,#딥톤,강렬함,데일리 부적합,카민,lip_페리페라_23_쩡신차렷_1763391225158
페리페라,페리페라 잉크 무드 글로이 틴트,25 힙플딸기,11000,#봄웜톤브라이트,딸기 핑크,#상큼립,화사함,묻어남,비타민E,lip_페리페라_25_힙플딸기_1763391225159
페리페라,페리페라 잉크 무드 글로이 틴트,26 왤케포도,11000,#겨울쿨톤뮤트,포도 퍼플,#퍼플립,개성있는 컬러,웜톤 부적합,색소,lip_페리페라_26_왤케포도_1763391225160
페리페라,페리페라 잉크 무드 글로이 틴트,27 핑토당토,11000,#여름쿨톤라이트,연핑크,#청순립,맑은 연출,지속력 낮음,보습에스터,lip_페리페라_27_핑토당토_1763391225161
페리페라,페리페라 잉크 무드 글로이 틴트,28 웜탠다드,11000,#가을웜톤뮤트,웜 브라운,#브라운립,차분함,입술 어두워보임,시어버터,lip_페리페라_28_웜탠다드_1763391225162
페리페라,페리페라 잉크 무드 글로이 틴트,31 명예딸기광,11000,#봄웜톤브라이트,딸기 레드,#광택립,톡톡튀는 색감,번짐 있음,색소,lip_페리페라_31_명예딸기광_1763391225163
페리페라,페리페라 잉크 무드 글로이 틴트,32 딸기야가자,11000,#봄웜톤브라이트,코랄 레드,#톡톡,발랄한 무드,지속력 약함,비타민E,lip_페리페라_32_딸기야가자_1763391225164
페리페라,페리페라 잉크 무드 글로이 틴트,34 웜행평가,11000,#가을웜톤뮤트,웜 로즈,#로즈립,분위기 있음,쿨톤 탁함,보습오일,lip_페리페라_34_웜행평가_1763391225165
페리페라,페리페라 잉크 무드 글로이 틴트,35 코랄특강,11000,#봄웜톤브라이트,쨍한 코랄,#상큼,피부톤 업,형광기,색소,lip_페리페라_35_코랄특강_1763391225166
페리페라,페리페라 잉크 무드 글로이 틴트,36 쿨타강사,11000,#겨울쿨톤브라이트,푸시아,#고발색,쿨톤 최적,말림 있음,색소,lip_페리페라_36_쿨타강사_1763391225167
페리페라,페리페라 잉크 무드 글로이 틴트,37 실사판공주,11000,#여름쿨톤라이트,연핑크,#청순,여리함 강조,존재감 약함,비타민E,lip_페리페라_37_실사판공주_1763391225168
페리페라,페리페라 잉크 무드 글로이 틴트,38 쿨세자빈,11000,#겨울쿨톤뮤트,로즈 퍼플,#로즈베리,고급 무드,지속력 약함,보습에스터,lip_페리페라_38_쿨세자빈_1763391225169
페리페라,페리페라 잉크 무드 글로이 틴트,33 로지위시,11000,#여름쿨톤뮤트,그레이 로즈,#MLBB,차분함,회기 있음,비타민E,lip_페리페라_33_로지위시_1763391225170
페리페라,페리페라 잉크 무드 글로이 틴트,40 햇꿀구마,11000,#가을웜톤딥,꿀고구마 브라운,#딥톤,분위기 강조,데일리 부담,시어버터,lip_페리페라_40_햇꿀구마_1763391225171
헤라,헤라 센슈얼 누드 글로스,재지,40000,#봄웜톤라이트,누디 피치,#고급광택,입술 볼륨감,끈적임 있음,스쿠알란,lip_헤라_재지_단품_1763391225172
헤라,헤라 센슈얼 누드 글로스,글리머,40000,#여름쿨톤라이트,투명 핑크,#글리터,화사함,펄 끼임,호호바오일,lip_헤라_글리머_단품_1763391225173
헤라,헤라 센슈얼 누드 글로스,200호 조지아,40000,#가을웜톤뮤트,브라운 로즈,#고급립,우아한 무드,입술 건조,시어버터,lip_헤라_200호_조지아_단품_1763391225174
헤라,헤라 센슈얼 누드 글로스,웻베리,40000,#겨울쿨톤브라이트,체리 핑크,#쿨레드,선명함,묻어남,색소,lip_헤라_웻베리_단품_1763391225175
헤라,헤라 센슈얼 누드 글로스,허니드,40000,#봄웜톤라이트,허니 베이지,#누디,부드러운 인상,발색 약함,보습오일,lip_헤라_허니드_단품_1763391225176
헤라,헤라 센슈얼 누드 글로스,체리콕,40000,#겨울쿨톤브라이트,체리 레드,#포인트립,고급스러움,지속력 낮음,비타민E,lip_헤라_체리콕_단품_1763391225177
헤라,헤라 센슈얼 누드 글로스,브라우니보이,40000,#가을웜톤딥,초콜릿 브라운,#딥브라운,성숙한 무드,얼굴 어두워짐,시어버터,lip_헤라_브라우니보이_단품_1763391225178
헤라,헤라 센슈얼 누드 글로스,462호 스피치리스,40000,#여름쿨톤뮤트,소프트 로즈,#MLBB,고급 데일리,각질 부각,보습에스터,lip_헤라_462호_스피치리스_단품_1763391225179
헤라,헤라 센슈얼 누드 글로스,102호 플러티,40000,#봄웜톤라이트,살구 핑크,#청순립,동안 효과,존재감 약함,비타민E,lip_헤라_102호_플러티_단품_1763391225180
헤라,헤라 센슈얼 누드 글로스,18호 이노센트,40000,#봄웜톤라이트,누디 핑크,#베이스립,단독사용 무난,착색 없음,보습에스터,lip_헤라_18호_이노센트_단품_1763391225181
헤라,헤라 센슈얼 누드 글로스,380호 체리쉬,40000,#겨울쿨톤브라이트,딥 체리,#쿨레드,확실한 포인트,진함 주의,색소,lip_헤라_380호_체리쉬_단품_1763391225182
헤라,헤라 센슈얼 누드 글로스,422호 란제리,40000,#여름쿨톤뮤트,스모키 핑크,#무드립,고급 무드,입술 건조,시어버터,lip_헤라_422호_란제리_단품_1763391225183
헤라,헤라 센슈얼 누드 글로스,401호 누디스트,40000,#가을웜톤뮤트,베이지 브라운,#누디립,음영 정리,얼굴 칙칙,보습오일,lip_헤라_401호_누디스트_단품_1763391225184
얼터너티브스테레오,립 포션 슈가 글레이즈 틴트,2호 로즈볼,19000,#여름쿨톤뮤트,찐 로즈,#글레이즈,유리광택,묻어남,비타민E,lip_얼터너티브스테레오_2호_로즈볼_1763391225185
얼터너티브스테레오,립 포션 슈가 글레이즈 틴트,15호 피그볼,19000,#여름쿨톤뮤트,무화과 핑크,#MLBB,차분함,지속력 약함,보습에스터,lip_얼터너티브스테레오_15호_피그볼_1763391225186
얼터너티브스테레오,립 포션 슈가 글레이즈 틴트,16호 딸기무스볼,19000,#봄웜톤브라이트,딸기 코랄,#톤업립,생기폭발,번짐 있음,비타민E,lip_얼터너티브스테레오_16호_딸기무스볼_1763391225187
얼터너티브스테레오,립 포션 슈가 글레이즈 틴트,18호 워터멜론볼,19000,#봄웜톤라이트,수박 코랄,#상큼,여름립 최적,착색 약함,과일추출물,lip_얼터너티브스테레오_18호_워터멜론볼_1763391225188
얼터너티브스테레오,립 포션 슈가 글레이즈 틴트,1호 누디볼,19000,#봄웜톤라이트,누디 베이지,#베이스립,레이어링 좋음,단독 부적합,호호바오일,lip_얼터너티브스테레오_15호_피그볼_1763391225186
얼터너티브스테레오,립 포션 슈가 글레이즈 틴트,17호 로즈쿠키볼,19000,#가을웜톤뮤트,쿠키로즈,#MLBB,분위기 립,쿨톤엔 탁함,시어버터,lip_얼터너티브스테레오_17호_로즈쿠키_볼_1763391225192
얼터너티브스테레오,립 포션 슈가 글레이즈 틴트,19호 베리스무디볼,19000,#겨울쿨톤뮤트,베리 레드,#딥베리,고급스러운 컬러,데일리 부담,색소,lip_얼터너티브스테레오_19호_베리스무디_볼_1763391225193
얼터너티브스테레오,립 포션 슈가 글레이즈 틴트,3호 바비볼,19000,#봄웜톤브라이트,인형 핑크,#톤업립,러블리,형광기,색소,lip_얼터너티브스테레오_3호_바비_볼_1763391225195
얼터너티브스테레오,립 포션 슈가 글레이즈 틴트,4호 피치볼,19000,#봄웜톤라이트,복숭아,#청순,상큼함,지속력 약함,비타민E,lip_얼터너티브스테레오_4호_피치_볼_1763391225196
얼터너티브스테레오,립 포션 슈가 글레이즈 틴트,5호 모브볼,19000,#여름쿨톤뮤트,쿨 모브,#MLBB,차분한 무드,회기 있음,보습오일,lip_얼터너티브스테레오_15호_피그볼_1763391225186
얼터너티브스테레오,립 포션 슈가 글레이즈 틴트,9호 코코볼,19000,#가을웜톤뮤트,코코아,#브라운립,분위기 립,건조,시어버터,lip_얼터너티브스테레오_19호_베리스무디_볼_1763391225193
얼터너티브스테레오,립 포션 슈가 글레이즈 틴트,10호 와인볼,19000,#겨울쿨톤딥,와인,#딥톤,포인트 강함,진함 주의,색소,lip_얼터너티브스테레오_10호_와인_볼_1763391225199
얼터너티브스테레오,립 포션 슈가 글레이즈 틴트,11호 돌리볼,19000,#봄웜톤브라이트,인형 핑크,#러블리,밝은 인상,묻어남,비타민E,lip_얼터너티브스테레오_11호_돌리_볼_1763391225200
얼터너티브스테레오,립 포션 슈가 글레이즈 틴트,12호 라일락볼,19000,#여름쿨톤라이트,라일락,#쿨핑크,유니크,피부 톤 갈림,색소,lip_얼터너티브스테레오_12호_라일락_볼_1763391225201
얼터너티브스테레오,립 포션 슈가 글레이즈 틴트,13호 오디볼,19000,#겨울쿨톤뮤트,오디,#딥베리,고급 컬러,착색 강함,색소,lip_얼터너티브스테레오_1호_누디_볼_1763391225191
얼터너티브스테레오,립 포션 슈가 글레이즈 틴트,14호 밀크티볼,19000,#가을웜톤뮤트,밀크 브라운,#누디웜,차분한 무드,쿨톤 탁함,보습오일,lip_얼터너티브스테레오_14호_밀크티_볼_1763391225203
클리오,클리오 볼륨메이트 블러 틴트,108 페일 라벤더,18000,#여름쿨톤라이트,라이트한 라벤더 핑크 컬러,#세미매트 #블러링,뽀얗고 맑은 발색으로 화사한 인상을 연출,각질 부각이 있으며 건조함이 느껴질 수 있음,비타민E,lip_클리오_108_페일_라벤더_1763391225205
클리오,클리오 볼륨메이트 블러 틴트,109 더스티 모브,18000,#여름쿨톤뮤트,그레이기 도는 모브 컬러,#세미매트 #소프트,차분하고 고급스러운 분위기 연출,입술 주름에 끼일 수 있음,시어버터,lip_클리오_109_더스티_모브_1763391225206
클리오,클리오 볼륨메이트 블러 틴트,110 멜로우 모브 핑크,18000,#여름쿨톤,부드러운 모브핑크 컬러,#세미매트,데일리용으로 부담 없는 발색,지속력이 짧은 편,호호바오일,lip_클리오_110_멜로우_모브_핑크_1763391225207
클리오,클리오 볼륨메이트 블러 틴트,111 앤티크 레드 플럼,18000,#겨울쿨톤딥,딥한 레드와 플럼의 조화,#세미매트,고급스럽고 분위기 있는 컬러,짙게 발리면 탁해 보일 수 있음,비즈왁스,lip_클리오_111_앤티크_레드_플럼_1763391225208
클리오,클리오 볼륨메이트 블러 틴트,100 플러피 진저,18000,#봄웜톤라이트,부드러운 진저 코랄,#세미매트,혈색이 살아 보이는 웜톤 컬러,입술 주름 부각,올리브오일,lip_클리오_100_플러피_진저_1763391225209
클리오,클리오 볼륨메이트 블러 틴트,101 코튼 탠저린,18000,#봄웜톤,밝은 탠저린 오렌지,#세미매트,상큼한 이미지 연출,각질 위에 뜰 수 있음,망고씨버터,lip_클리오_101_코튼_탠저린_1763391225210
클리오,클리오 볼륨메이트 블러 틴트,102 바운시 베리,18000,#겨울쿨톤,선명한 베리 컬러,#세미매트,얼굴을 환하게 밝혀주는 색감,입술에 착색 심함,석류추출물,lip_클리오_102_바운시_베리_1763391225211
클리오,클리오 볼륨메이트 블러 틴트,103 클라우디 플럼,18000,#겨울쿨톤,차분한 플럼 바이올렛,#세미매트 #블러,고급스러운 분위기,짙은 컬러라 수정 어려움,쉐어버터,lip_클리오_103_클라우디_플럼_1763391225212
클리오,클리오 볼륨메이트 블러 틴트,104 미스티 피그,18000,#여름쿨톤뮤트,그레이시 피그 컬러,#세미매트,쿨톤 MLBB로 활용도 높음,입술색 어두우면 탁해 보일 수 있음,비타민C,lip_클리오_104_미스티_피그_1763391225213
클리오,클리오 볼륨메이트 블러 틴트,105 벨벳티크 리본,18000,#겨울쿨톤,딥한 레드핑크,#세미매트,고발색과 분위기 있는 컬러,입술에 뭉침 발생,아르간오일,lip_클리오_105_벨벳티크_리본_1763391225214
클리오,클리오 볼륨메이트 글로스 틴트,206 그레이프 시럽,18000,#겨울쿨톤,병포도 같은 퍼플 레드,#글로시 #탕후루광택,유리알 광택 연출,마스크 묻어남 심함,비타민E,lip_클리오_206_그레이프_시럽_1763391225215
클리오,클리오 볼륨메이트 글로스 틴트,207 헤이지 던 모브,18000,#여름쿨톤뮤트,안개 낀 모브 컬러,#글로시,촉촉하고 은은한 발색,지속력이 매우 짧음,호호바오일,lip_클리오_207_헤이지_던_모브_1763391225216
클리오,클리오 볼륨메이트 글로스 틴트,208 로즈 브리즈,18000,#봄웜톤,부드러운 로즈핑크,#글로시,혈색이 자연스럽게 표현됨,발색이 약함,해바라기씨오일,lip_클리오_208_로즈_브리즈_1763391225217
클리오,클리오 볼륨메이트 글로스 틴트,209 드라이 레드와인,18000,#겨울쿨톤딥,와인빛 레드,#글로시,고급스럽고 강렬한 색감,치아 착색 발생 가능,포도추출물,lip_클리오_209_드라이_레드와인_1763391225218
클리오,클리오 볼륨메이트 글로스 틴트,200 버니 퓨어 핑크,18000,#봄웜톤라이트,연핑크 베이비 컬러,#글로시,청순한 이미지 연출,입술에 밀림 현상,비타민B5,lip_클리오_200_버니_퓨어_핑크_1763391225219
클리오,클리오 볼륨메이트 글로스 틴트,201 허니 코팅 피치,18000,#봄웜톤,허니 피치 컬러,#글로시,입술에 윤기 부여,끈적임 있음,꿀추출물,lip_클리오_201_허니_코팅_피치_1763391225220
클리오,클리오 볼륨메이트 글로스 틴트,202 글레이즈드 애플,18000,#봄웜톤,사과 레드,#글로시,발색이 선명함,각질 위에 뭉침,사과추출물,lip_클리오_202_글레이즈드_애플_1763391225221
클리오,클리오 볼륨메이트 글로스 틴트,203 슈가 러브 글램,18000,#여름쿨톤라이트,핑크 글리터 컬러,#글로시 #펄,볼륨감 연출 우수,펄이 각질 부각,비타민E,lip_클리오_203_슈가_러브_글램_1763391225222
클리오,클리오 볼륨메이트 글로스 틴트,204 블러쉬드 캔디,18000,#봄웜톤,캔디핑크 컬러,#글로시,화사하고 귀여운 느낌,요플레 현상,세라마이드,lip_클리오_204_블러쉬드_캔디_1763391225223
클리오,클리오 볼륨메이트 글로스 틴트,205 듀이 그레이프,18000,#겨울쿨톤,촉촉한 퍼플와인,#글로시,입술이 도톰해 보임,립라인 번짐,포도씨오일,lip_클리오_205_듀이_그레이프_1763391225224
에스쁘아,에스쁘아 노웨어스틱 바밍 글로우,2호 베리코어,24000,#겨울쿨톤,비비드 베리,#글로시,선명한 발색과 윤기,각질 부각,히알루론산,lip_에스쁘아_2호_베리코어_1763391225225
에스쁘아,에스쁘아 노웨어스틱 바밍 글로우,18호 누디베리,24000,#여름쿨톤,그레이시 베리톤,#글로시,데일리로 활용 가능,색이 탁해 보일 수 있음,비타민E,lip_에스쁘아_18호_누디베리_1763391225226
에스쁘아,에스쁘아 노웨어스틱 바밍 글로우,19호 메리베리,24000,#겨울쿨톤,짙은 베리 레드,#글로시,고급스러운 컬러,입술 주름 강조,올리브오일,lip_에스쁘아_19호_메리베리_1763391225227
에스쁘아,에스쁘아 노웨어스틱 바밍 글로우,3호 크랜베리,24000,#겨울쿨톤,선명한 크랜베리,#글로시,발색력 우수,치아 착색 가능,과일추출물,lip_에스쁘아_3호_크랜베리_1763391225229
에스쁘아,에스쁘아 노웨어스틱 바밍 글로우,4호 헤이 베스티,24000,#봄웜톤,코랄 핑크,#글로시,생기 있어 보임,지속력 약함,쉐어버터,lip_에스쁘아_4호_헤이_베스티_1763391225230
에스쁘아,에스쁘아 노웨어스틱 바밍 글로우,5호 블루베리,24000,#겨울쿨톤,딥베리 컬러,#글로시,고급스러운 발색,무거운 질감,포도씨오일,lip_에스쁘아_5호_블루베리_1763391225231
에스쁘아,에스쁘아 노웨어스틱 바밍 글로우,6호 뉴 로즈,24000,#봄웜톤,내추럴 로즈,#글로시,입술이 촉촉해 보임,착색 거의 없음,호호바오일,lip_에스쁘아_6호_뉴_로즈_1763391225232
에스쁘아,에스쁘아 노웨어스틱 바밍 글로우,7호 애쉬 메이플,24000,#가을웜톤,브라운 메이플,#글로시,분위기 있는 색감,발색이 약함,아르간오일,lip_에스쁘아_7호_애쉬_메이플_1763391225233
에스쁘아,에스쁘아 노웨어스틱 바밍 글로우,9호 퍼시몬,24000,#봄웜톤,잘 익은 감 컬러,#글로시,따뜻한 웜톤 연출,착색 심함,비타민C,lip_에스쁘아_19호_메리베리_1763391225227
에스쁘아,에스쁘아 노웨어스틱 바밍 글로우,10호 피치라이즈,24000,#봄웜톤,말린 피치톤,#글로시,부드러운 인상 연출,각질 들뜸,복숭아추출물,lip_에스쁘아_10호_피치라이즈_1763391225235
에스쁘아,에스쁘아 노웨어스틱 바밍 글로우,11호 그레이피,24000,#겨울쿨톤,퍼플 레드톤,#글로시,쿨톤에 찰떡,입술 건조함,포도추출물,lip_에스쁘아_11호_그레이피_1763391225236
에스쁘아,에스쁘아 노웨어스틱 바밍 글로우,13호 비트 라일락,24000,#겨울쿨톤,보라빛 비트톤,#글로시,개성 있는 컬러,데일리용으로 어렵,비트추출물,lip_에스쁘아_13호_비트_라일락_1763391225237
에스쁘아,에스쁘아 노웨어스틱 바밍 글로우,14호 스웨이 코랄,24000,#봄웜톤,샌디 코랄,#글로시,피부톤이 화사해보임,광택이 과함,코코넛오일,lip_에스쁘아_14호_스웨이_코랄_1763391225238
에스쁘아,에스쁘아 노웨어스틱 바밍 글로우,15호 피치 듀,24000,#봄웜톤라이트,연복숭아톤,#글로시,청순한 컬러,커버력 부족,히알루론산,lip_에스쁘아_15호_피치_듀_1763391225239
에스쁘아,에스쁘아 노웨어스틱 바밍 글로우,16호 피치 바이브,24000,#봄웜톤,채도 높은 피치,#글로시,얼굴이 환해 보임,입술 잔주름 강조,비타민E,lip_에스쁘아_16호_피치_바이브_1763391225240
