brand,product_name,category,shade_name,price,finish,image_url,swatch_url,color_hex,lab_L,lab_a,lab_b
3CE,무드레시피 페이스 블러쉬,cheek,누드 피치,"19,000원",매트,https://image.oliveyoung.co.kr/cfimages/cf-goods/uploads/images/options/item/2022/4/7252026405850348055.PNG,https://image.oliveyoung.co.kr/cfimages/cf-goods/uploads/images/options/item/2022/4/7252026405850348055.PNG,#e4b2a4,76.58,16.33,13.71
3CE,무드레시피 페이스 블러쉬,cheek,모노 핑크,"19,000원",매트,https://image.oliveyoung.co.kr/cfimages/cf-goods/uploads/images/options/item/2022/4/3710968757376747268.PNG,https://image.oliveyoung.co.kr/cfimages/cf-goods/uploads/images/options/item/2022/4/3710968757376747268.PNG,#e7b3ac,77.33,18.07,10.58
3CE,무드레시피 페이스 블러쉬,cheek,시티 모브,"19,000원",매트,https://image.oliveyoung.co.kr/cfimages/cf-goods/uploads/images/options/item/2022/4/6404039053345141915.PNG,https://image.oliveyoung.co.kr/cfimages/cf-goods/uploads/images/options/item/2022/4/6404039053345141915.PNG,#e5b4ab,77.42,16.52,11.62
3CE,무드레시피 페이스 블러쉬,cheek,카인다 샤이,"19,000원",매트,https://image.oliveyoung.co.kr/cfimages/cf-goods/uploads/images/options/item/2023/10/4144539387956903476.jpg,https://image.oliveyoung.co.kr/cfimages/cf-goods/uploads/images/options/item/2023/10/4144539387956903476.jpg,#d0a9b1,72.87,15.56,1.45
3CE,무드레시피 페이스 블러쉬,cheek,핑크 필터,"19,000원",매트,https://image.oliveyoung.co.kr/cfimages/cf-goods/uploads/images/options/item/2024/10/2163213897824680035.png,https://image.oliveyoung.co.kr/cfimages/cf-goods/uploads/images/options/item/2024/10/2163213897824680035.png,#f1c3bf,82.67,15.73,8.05
3CE,무드레시피 페이스 블러쉬,cheek,피그 다이브,"19,000원",매트,https://image.oliveyoung.co.kr/cfimages/cf-goods/uploads/images/options/item/2024/2/7954595991379053591.jpg,https://image.oliveyoung.co.kr/cfimages/cf-goods/uploads/images/options/item/2024/2/7954595991379053591.jpg,#edb9a9,79.38,16.14,15.57
3CE,무드레시피 페이스 블러쉬,cheek,풀스 인 러브,"19,000원",매트,https://image.oliveyoung.co.kr/cfimages/cf-goods/uploads/images/options/item/2024/6/4916423361361647987.png,https://image.oliveyoung.co.kr/cfimages/cf-goods/uploads/images/options/item/2024/6/4916423361361647987.png,#e6abb6,75.62,23.36,3.0
3CE,무드레시피 페이스 블러쉬,cheek,로즈 베이지,"19,000원",매트,https://image.oliveyoung.co.kr/cfimages/cf-goods/uploads/images/options/item/2022/4/8521927513445814665.PNG,https://image.oliveyoung.co.kr/cfimages/cf-goods/uploads/images/options/item/2022/4/8521927513445814665.PNG,#dfa499,72.5,20.39,14.03
3CE,무드레시피 페이스 블러쉬,cheek,렛 미 스테이,"19,000원",매트,https://image.oliveyoung.co.kr/cfimages/cf-goods/uploads/images/options/item/2024/2/1572721119803131722.jpg,https://image.oliveyoung.co.kr/cfimages/cf-goods/uploads/images/options/item/2024/2/1572721119803131722.jpg,#f1b2a3,77.87,20.88,16.75
Naming,플러피 파우더 블러쉬,cheek,니제,"15,000원",매트,https://image.oliveyoung.co.kr/cfimages/cf-goods/uploads/images/options/item/2024/5/8972844531588771921.jpg,https://image.oliveyoung.co.kr/cfimages/cf-goods/uploads/images/options/item/2024/5/8972844531588771921.jpg,#d87d97,62.93,38.28,1.45
Naming,플러피 파우더 블러쉬,cheek,치피,"15,000원",쉬머,https://image.oliveyoung.co.kr/cfimages/cf-goods/uploads/images/options/item/2025/5/1546710740374840625.jpg,https://image.oliveyoung.co.kr/cfimages/cf-goods/uploads/images/options/item/2025/5/1546710740374840625.jpg,#dd9b94,70.13,23.49,13.63
Naming,플러피 파우더 블러쉬,cheek,토스트,"15,000원",매트,https://image.oliveyoung.co.kr/cfimages/cf-goods/uploads/images/options/item/2022/8/666886687498338768.jpg,https://image.oliveyoung.co.kr/cfimages/cf-goods/uploads/images/options/item/2022/8/666886687498338768.jpg,#c0917b,64.11,14.52,18.62
Naming,플러피 파우더 블러쉬,cheek,티크,"15,000원",쉬머,https://image.oliveyoung.co.kr/cfimages/cf-goods/uploads/images/options/item/2025/5/1878312772216275552.jpg,https://image.oliveyoung.co.kr/cfimages/cf-goods/uploads/images/options/item/2025/5/1878312772216275552.jpg,#c0846f,60.75,20.55,20.74
Naming,플러피 파우더 블러쉬,cheek,스트럿,"15,000원",매트,https://image.oliveyoung.co.kr/cfimages/cf-goods/uploads/images/options/item/2022/8/8672308203764947344.jpg,https://image.oliveyoung.co.kr/cfimages/cf-goods/uploads/images/options/item/2022/8/8672308203764947344.jpg,#af6b5d,52.4,25.39,19.47
Naming,플러피 파우더 블러쉬,cheek,필로우,"15,000원",매트,https://image.oliveyoung.co.kr/cfimages/cf-goods/uploads/images/options/item/2024/5/1773329750508311641.jpg,https://image.oliveyoung.co.kr/cfimages/cf-goods/uploads/images/options/item/2024/5/1773329750508311641.jpg,#c98b87,63.98,22.86,12.08
Naming,플러피 파우더 블러쉬,cheek,피이그,"15,000원",쉬머,https://image.oliveyoung.co.kr/cfimages/cf-goods/uploads/images/options/item/2025/5/1791546776391279808.jpg,https://image.oliveyoung.co.kr/cfimages/cf-goods/uploads/images/options/item/2025/5/1791546776391279808.jpg,#d0888d,64.08,28.45,8.99
Naming,플러피 파우더 블러쉬,cheek,헤이그,"15,000원",쉬머,https://image.oliveyoung.co.kr/cfimages/cf-goods/uploads/images/options/item/2025/5/4578345476176216688.jpg,https://image.oliveyoung.co.kr/cfimages/cf-goods/uploads/images/options/item/2025/5/4578345476176216688.jpg,#dc8577,64.32,32.09,21.78
Naming,플러피 파우더 블러쉬,cheek,그레이브,"15,000원",쉬머,https://image.oliveyoung.co.kr/cfimages/cf-goods/uploads/images/options/item/2025/5/1185469541473434183.jpg,https://image.oliveyoung.co.kr/cfimages/cf-goods/uploads/images/options/item/2025/5/1185469541473434183.jpg,#cb8baa,64.98,29.02,-6.51
Naming,플러피 파우더 블러쉬,cheek,페이지,"15,000원",매트,https://image.oliveyoung.co.kr/cfimages/cf-goods/uploads/images/options/item/2024/5/7560710091896995130.jpg,https://image.oliveyoung.co.kr/cfimages/cf-goods/uploads/images/options/item/2024/5/7560710091896995130.jpg,#c58681,61.95,23.7,12.06
Naming,플러피 파우더 블러쉬,cheek,어빗,"15,000원",매트,https://image.oliveyoung.co.kr/cfimages/cf-goods/uploads/images/options/item/2024/5/1574381993269855235.jpg,https://image.oliveyoung.co.kr/cfimages/cf-goods/uploads/images/options/item/2024/5/1574381993269855235.jpg,#c46f9c,57.61,39.35,-9.64
Naming,플러피 파우더 블러쉬,cheek,포브,"15,000원",매트,https://image.oliveyoung.co.kr/cfimages/cf-goods/uploads/images/options/item/2024/5/7557610427676623415.jpg,https://image.oliveyoung.co.kr/cfimages/cf-goods/uploads/images/options/item/2024/5/7557610427676623415.jpg,#c986a1,63.31,29.89,-4.03
Naming,플러피 파우더 블러쉬,cheek,야미,"15,000원",매트,https://image.oliveyoung.co.kr/cfimages/cf-goods/uploads/images/options/item/2022/8/3685346930669048102.jpg,https://image.oliveyoung.co.kr/cfimages/cf-goods/uploads/images/options/item/2022/8/3685346930669048102.jpg,#d38c9f,65.86,29.32,1.11
Naming,플러피 파우더 블러쉬,cheek,배쉬풀,"15,000원",매트,https://image.oliveyoung.co.kr/cfimages/cf-goods/uploads/images/options/item/2022/8/8210554583958276285.jpg,https://image.oliveyoung.co.kr/cfimages/cf-goods/uploads/images/options/item/2022/8/8210554583958276285.jpg,#d28e8a,65.78,25.35,12.71
Naming,플러피 파우더 블러쉬,cheek,베이글,"15,000원",매트,https://image.oliveyoung.co.kr/cfimages/cf-goods/uploads/images/options/item/2022/8/7636965923046243410.jpg,https://image.oliveyoung.co.kr/cfimages/cf-goods/uploads/images/options/item/2022/8/7636965923046243410.jpg,#b67e6a,58.11,19.14,19.68
Naming,플러피 파우더 블러쉬,cheek,헤일로,"15,000원",매트,https://image.oliveyoung.co.kr/cfimages/cf-goods/uploads/images/options/item/2022/8/5777894125240581004.jpg,https://image.oliveyoung.co.kr/cfimages/cf-goods/uploads/images/options/item/2022/8/5777894125240581004.jpg,#d19086,65.88,23.35,15.29
VDL,치크스테인 블러셔,cheek,01 바운싱피치,"23,000원",매트,https://image.oliveyoung.co.kr/cfimages/cf-goods/uploads/images/options/item/2025/10/2402433402495795915.jpg,https://image.oliveyoung.co.kr/cfimages/cf-goods/uploads/images/options/item/2025/10/2402433402495795915.jpg,#d8a9a1,73.28,15.84,11.01
VDL,치크스테인 블러셔,cheek,11 보헤미안핑크,"23,000원",매트,https://image.oliveyoung.co.kr/cfimages/cf-goods/uploads/images/options/item/2025/10/456202678872101216.jpg,https://image.oliveyoung.co.kr/cfimages/cf-goods/uploads/images/options/item/2025/10/456202678872101216.jpg,#bb989a,66.02,13.29,4.04
VDL,치크스테인 블러셔,cheek,16프로즌모브듀얼,"23,000원",매트,https://image.oliveyoung.co.kr/cfimages/cf-goods/uploads/images/options/item/2025/10/407339626999776032.jpg,https://image.oliveyoung.co.kr/cfimages/cf-goods/uploads/images/options/item/2025/10/407339626999776032.jpg,#c28897,62.84,24.25,1.03
VDL,치크스테인 블러셔,cheek,13하이퍼핑크,"23,000원",매트,https://image.oliveyoung.co.kr/cfimages/cf-goods/uploads/images/options/item/2025/8/8829720596289406972.png,https://image.oliveyoung.co.kr/cfimages/cf-goods/uploads/images/options/item/2025/8/8829720596289406972.png,#ca86aa,63.7,31.33,-8.66
VDL,치크스테인 블러셔,cheek,01 바운싱 피치,"23,000원",매트,https://image.oliveyoung.co.kr/cfimages/cf-goods/uploads/images/options/item/2025/7/316569979557230618.jpg,https://image.oliveyoung.co.kr/cfimages/cf-goods/uploads/images/options/item/2025/7/316569979557230618.jpg,#c68f8a,64.62,19.72,11.23
VDL,치크스테인 블러셔,cheek,03 라이크 베이지,"23,000원",매트,https://image.oliveyoung.co.kr/cfimages/cf-goods/uploads/images/options/item/2025/7/8916902438621055298.jpg,https://image.oliveyoung.co.kr/cfimages/cf-goods/uploads/images/options/item/2025/7/8916902438621055298.jpg,#e3b39f,76.83,14.42,16.83
VDL,치크스테인 블러셔,cheek,"06 헤이,고져스","23,000원",매트,https://image.oliveyoung.co.kr/cfimages/cf-goods/uploads/images/options/item/2025/7/8462228429653535050.jpg,https://image.oliveyoung.co.kr/cfimages/cf-goods/uploads/images/options/item/2025/7/8462228429653535050.jpg,#dcb39d,76.04,11.68,16.91
VDL,치크스테인 블러셔,cheek,09 플러팅 핑크,"23,000원",매트,https://image.oliveyoung.co.kr/cfimages/cf-goods/uploads/images/options/item/2025/7/898370703445297024.jpg,https://image.oliveyoung.co.kr/cfimages/cf-goods/uploads/images/options/item/2025/7/898370703445297024.jpg,#bc8386,60.4,22.75,7.17
VDL,치크스테인 블러셔,cheek,10 칠린 라일락,"23,000원",매트,https://image.oliveyoung.co.kr/cfimages/cf-goods/uploads/images/options/item/2025/7/7574664272344673741.jpg,https://image.oliveyoung.co.kr/cfimages/cf-goods/uploads/images/options/item/2025/7/7574664272344673741.jpg,#946c76,49.89,17.69,0.64
VDL,치크스테인 블러셔,cheek,11 보헤미안 핑크,"23,000원",매트,https://image.oliveyoung.co.kr/cfimages/cf-goods/uploads/images/options/item/2025/7/2812201789222530826.jpg,https://image.oliveyoung.co.kr/cfimages/cf-goods/uploads/images/options/item/2025/7/2812201789222530826.jpg,#ca9991,67.53,17.22,11.23
VDL,치크스테인 블러셔,cheek,13 하이퍼 핑크,"23,000원",매트,https://image.oliveyoung.co.kr/cfimages/cf-goods/uploads/images/options/item/2025/7/6282196590537193342.jpg,https://image.oliveyoung.co.kr/cfimages/cf-goods/uploads/images/options/item/2025/7/6282196590537193342.jpg,#e9a7c6,75.52,28.67,-6.16
VDL,치크스테인 블러셔,cheek,15 빈티지 로즈,"23,000원",매트,https://image.oliveyoung.co.kr/cfimages/cf-goods/uploads/images/options/item/2025/8/8255362946689739905.jpg,https://image.oliveyoung.co.kr/cfimages/cf-goods/uploads/images/options/item/2025/8/8255362946689739905.jpg,#da9da4,70.74,23.65,5.37
VDL,치크스테인 블러셔,cheek,17멜로우씬듀얼,"23,000원",매트,https://image.oliveyoung.co.kr/cfimages/cf-goods/uploads/images/options/item/2025/10/2637783515523111503.jpg,https://image.oliveyoung.co.kr/cfimages/cf-goods/uploads/images/options/item/2025/10/2637783515523111503.jpg,#d3aaa0,72.95,13.42,10.61
VDL,치크스테인 블러셔,cheek,02 페이보릿 라벤더,"23,000원",매트,https://image.oliveyoung.co.kr/cfimages/cf-goods/uploads/images/options/item/2025/7/3915056839754623336.jpg,https://image.oliveyoung.co.kr/cfimages/cf-goods/uploads/images/options/item/2025/7/3915056839754623336.jpg,#aa7c7c,56.56,17.99,7.04
VDL,치크스테인 블러셔,cheek,07 미스티 애프리콧,"23,000원",매트,https://image.oliveyoung.co.kr/cfimages/cf-goods/uploads/images/options/item/2025/7/8807124692401565161.jpg,https://image.oliveyoung.co.kr/cfimages/cf-goods/uploads/images/options/item/2025/7/8807124692401565161.jpg,#e6b7a4,78.07,14.12,16.13
VDL,치크스테인 블러셔,cheek,08 모브 헤이즈,"23,000원",매트,https://image.oliveyoung.co.kr/cfimages/cf-goods/uploads/images/options/item/2025/7/3748341993583550208.jpg,https://image.oliveyoung.co.kr/cfimages/cf-goods/uploads/images/options/item/2025/7/3748341993583550208.jpg,#805253,39.85,19.57,7.29
VDL,치크스테인 블러셔,cheek,12 잇츠 구아바,"23,000원",매트,https://image.oliveyoung.co.kr/cfimages/cf-goods/uploads/images/options/item/2025/7/4456835928594895527.jpg,https://image.oliveyoung.co.kr/cfimages/cf-goods/uploads/images/options/item/2025/7/4456835928594895527.jpg,#dc9b9e,70.31,24.76,8.52
VDL,치크스테인 블러셔,cheek,14 모모피치,"23,000원",매트,https://image.oliveyoung.co.kr/cfimages/cf-goods/uploads/images/options/item/2025/8/3548767086087252206.jpg,https://image.oliveyoung.co.kr/cfimages/cf-goods/uploads/images/options/item/2025/8/3548767086087252206.jpg,#e7aca6,75.64,20.86,11.53
Clio,에센셜 블러쉬 탭,cheek,M105 모브라벤더,"18,000원",매트,https://image.oliveyoung.co.kr/cfimages/cf-goods/uploads/images/options/item/2025/10/5169371001340209087.jpg,https://image.oliveyoung.co.kr/cfimages/cf-goods/uploads/images/options/item/2025/10/5169371001340209087.jpg,#ddc1c6,80.38,10.92,1.01
Clio,에센셜 블러쉬 탭,cheek,M106 뮤티드베리,"18,000원",매트,https://image.oliveyoung.co.kr/cfimages/cf-goods/uploads/images/options/item/2025/10/5337356018730848497.jpg,https://image.oliveyoung.co.kr/cfimages/cf-goods/uploads/images/options/item/2025/10/5337356018730848497.jpg,#e9cdcb,84.68,9.33,4.45
Clio,에센셜 블러쉬 탭,cheek,S201 코랄포지,"18,000원",쉬어,https://image.oliveyoung.co.kr/cfimages/cf-goods/uploads/images/options/item/2025/8/619563777607896907.jpg,https://image.oliveyoung.co.kr/cfimages/cf-goods/uploads/images/options/item/2025/8/619563777607896907.jpg,#e0a392,72.27,20.61,17.81
Clio,에센셜 블러쉬 탭,cheek,M102 쉬폰핑크,"18,000원",매트,https://image.oliveyoung.co.kr/cfimages/cf-goods/uploads/images/options/item/2025/8/3249550660814543938.jpg,https://image.oliveyoung.co.kr/cfimages/cf-goods/uploads/images/options/item/2025/8/3249550660814543938.jpg,#ac9f86,65.95,0.53,14.54
Clio,에센셜 블러쉬 탭,cheek,S202 아몬드로제,"18,000원",쉬어,https://image.oliveyoung.co.kr/cfimages/cf-goods/uploads/images/options/item/2025/8/6873517562119294231.jpg,https://image.oliveyoung.co.kr/cfimages/cf-goods/uploads/images/options/item/2025/8/6873517562119294231.jpg,#e9ab99,75.37,20.27,18.41
Clio,에센셜 블러쉬 탭,cheek,S203 로스트베리,"18,000원",쉬어,https://image.oliveyoung.co.kr/cfimages/cf-goods/uploads/images/options/item/2025/8/8009076378048971308.jpg,https://image.oliveyoung.co.kr/cfimages/cf-goods/uploads/images/options/item/2025/8/8009076378048971308.jpg,#eb9191,69.46,34.09,14.56
Clio,에센셜 블러쉬 탭,cheek,S204 하이퍼러브,"18,000원",쉬어,https://image.oliveyoung.co.kr/cfimages/cf-goods/uploads/images/options/item/2025/8/5733142190983022226.jpg,https://image.oliveyoung.co.kr/cfimages/cf-goods/uploads/images/options/item/2025/8/5733142190983022226.jpg,#ee9bb1,72.73,34.11,1.71
Clio,에센셜 블러쉬 탭,cheek,M103 히든로즈,"18,000원",매트,https://image.oliveyoung.co.kr/cfimages/cf-goods/uploads/images/options/item/2025/8/200667437138615149.jpg,https://image.oliveyoung.co.kr/cfimages/cf-goods/uploads/images/options/item/2025/8/200667437138615149.jpg,#e7a8ad,74.88,23.88,6.85
Clio,에센셜 블러쉬 탭,cheek,M104 뮤트럴피스,"18,000원",매트,https://image.oliveyoung.co.kr/cfimages/cf-goods/uploads/images/options/item/2025/8/6263877206486687402.jpg,https://image.oliveyoung.co.kr/cfimages/cf-goods/uploads/images/options/item/2025/8/6263877206486687402.jpg,#dfa1af,72.49,24.61,1.95
Clio,에센셜 블러쉬 탭,cheek,M101 플러피피치,"18,000원",매트,https://image.oliveyoung.co.kr/cfimages/cf-goods/uploads/images/options/item/2025/8/9117346442373997851.jpg,https://image.oliveyoung.co.kr/cfimages/cf-goods/uploads/images/options/item/2025/8/9117346442373997851.jpg,#b3a086,66.93,2.42,16.46
Lilybyred,러브빔 치크밤,cheek,15 너티빔,"13,000원",크림,https://image.oliveyoung.co.kr/cfimages/cf-goods/uploads/images/options/item/2025/9/4680614403297282043.jpg,https://image.oliveyoung.co.kr/cfimages/cf-goods/uploads/images/options/item/2025/9/4680614403297282043.jpg,#e4aea4,75.67,18.75,12.58
Lilybyred,러브빔 치크밤,cheek,14 로지빔,"13,000원",크림,https://image.oliveyoung.co.kr/cfimages/cf-goods/uploads/images/options/item/2025/9/1709102308205350636.jpg,https://image.oliveyoung.co.kr/cfimages/cf-goods/uploads/images/options/item/2025/9/1709102308205350636.jpg,#dba3a1,72.19,20.37,9.52
Lilybyred,러브빔 치크밤,cheek,13 부끄빔,"13,000원",크림,https://image.oliveyoung.co.kr/cfimages/cf-goods/uploads/images/options/item/2025/7/3723556498443254291.jpg,https://image.oliveyoung.co.kr/cfimages/cf-goods/uploads/images/options/item/2025/7/3723556498443254291.jpg,#eea3a5,74.2,28.14,10.0
Lilybyred,러브빔 치크밤,cheek,07 발그레빔,"13,000원",크림,https://image.oliveyoung.co.kr/cfimages/cf-goods/uploads/images/options/item/2025/7/1940994817387288504.jpg,https://image.oliveyoung.co.kr/cfimages/cf-goods/uploads/images/options/item/2025/7/1940994817387288504.jpg,#ffbec7,83.0,24.46,4.73
Lilybyred,러브빔 치크밤,cheek,12 두근빔,"13,000원",크림,https://image.oliveyoung.co.kr/cfimages/cf-goods/uploads/images/options/item/2025/4/118017117506183952.jpg,https://image.oliveyoung.co.kr/cfimages/cf-goods/uploads/images/options/item/2025/4/118017117506183952.jpg,#e3a79d,73.79,20.58,13.93
Lilybyred,러브빔 치크밤,cheek,05 앙큼빔,"13,000원",크림,https://image.oliveyoung.co.kr/cfimages/cf-goods/uploads/images/options/item/2024/3/8632599742630118037.jpg,https://image.oliveyoung.co.kr/cfimages/cf-goods/uploads/images/options/item/2024/3/8632599742630118037.jpg,#fcc7f6,86.14,26.21,-16.07
Lilybyred,러브빔 치크밤,cheek,03 감성빔,"13,000원",크림,https://image.oliveyoung.co.kr/cfimages/cf-goods/uploads/images/options/item/2020/6/2075346521384340053.jpg,https://image.oliveyoung.co.kr/cfimages/cf-goods/uploads/images/options/item/2020/6/2075346521384340053.jpg,#c3797e,58.82,29.54,9.71
Lilybyred,러브빔 치크밤,cheek,02 순수빔,"13,000원",크림,https://image.oliveyoung.co.kr/cfimages/cf-goods/uploads/images/options/item/2020/6/7150512470053695759.jpg,https://image.oliveyoung.co.kr/cfimages/cf-goods/uploads/images/options/item/2020/6/7150512470053695759.jpg,#efc8dd,84.32,17.29,-5.21
Lilybyred,러브빔 치크밤,cheek,01 청초빔,"13,000원",크림,https://image.oliveyoung.co.kr/cfimages/cf-goods/uploads/images/options/item/2020/6/8803978627268144762.jpg,https://image.oliveyoung.co.kr/cfimages/cf-goods/uploads/images/options/item/2020/6/8803978627268144762.jpg,#e7b9b2,78.91,15.93,9.75
Lilybyred,러브빔 치크밤,cheek,09 새콤빔,"13,000원",크림,https://image.oliveyoung.co.kr/cfimages/cf-goods/uploads/images/options/item/2025/2/2032848016331143182.jpg,https://image.oliveyoung.co.kr/cfimages/cf-goods/uploads/images/options/item/2025/2/2032848016331143182.jpg,#ffac8e,77.62,27.08,27.59
Lilybyred,러브빔 치크밤,cheek,10 포도빔,"13,000원",크림,https://image.oliveyoung.co.kr/cfimages/cf-goods/uploads/images/options/item/2025/2/5950024504107156824.jpg,https://image.oliveyoung.co.kr/cfimages/cf-goods/uploads/images/options/item/2025/2/5950024504107156824.jpg,#e09ea8,71.72,25.96,4.59
Lilybyred,러브빔 치크밤,cheek,11 포근빔,"13,000원",크림,https://image.oliveyoung.co.kr/cfimages/cf-goods/uploads/images/options/item/2025/4/7185591933625100960.jpg,https://image.oliveyoung.co.kr/cfimages/cf-goods/uploads/images/options/item/2025/4/7185591933625100960.jpg,#e6aa9b,74.76,20.27,16.52
Lilybyred,러브빔 치크밤,cheek,06 복숭빔,"13,000원",크림,https://image.oliveyoung.co.kr/cfimages/cf-goods/uploads/images/options/item/2024/3/909933983955463633.jpg,https://image.oliveyoung.co.kr/cfimages/cf-goods/uploads/images/options/item/2024/3/909933983955463633.jpg,#fdb8b9,81.06,25.23,9.08
Peripera,맑게 물든 선샤인 치크,cheek,28 케미팡팡해,"8,000원",크림,https://image.oliveyoung.co.kr/cfimages/cf-goods/uploads/images/options/item/2025/8/1905226974042266883.jpg,https://image.oliveyoung.co.kr/cfimages/cf-goods/uploads/images/options/item/2025/8/1905226974042266883.jpg,#ea8f8e,68.84,34.28,15.4
Peripera,맑게 물든 선샤인 치크,cheek,30 장미멀멀해,"8,000원",크림,https://image.oliveyoung.co.kr/cfimages/cf-goods/uploads/images/options/item/2025/8/4625065686626903995.jpg,https://image.oliveyoung.co.kr/cfimages/cf-goods/uploads/images/options/item/2025/8/4625065686626903995.jpg,#c98c83,63.89,22.31,13.7
Peripera,맑게 물든 선샤인 치크,cheek,12 날씨요정등극해,"8,000원",매트,https://image.oliveyoung.co.kr/cfimages/cf-goods/uploads/images/options/item/2022/2/2071579925000568590.png,https://image.oliveyoung.co.kr/cfimages/cf-goods/uploads/images/options/item/2022/2/2071579925000568590.png,#e48da8,68.24,36.77,-0.12
Peripera,맑게 물든 선샤인 치크,cheek,29 모브낭낭해,"8,000원",크림,https://image.oliveyoung.co.kr/cfimages/cf-goods/uploads/images/options/item/2025/8/1083001350916879977.jpg,https://image.oliveyoung.co.kr/cfimages/cf-goods/uploads/images/options/item/2025/8/1083001350916879977.jpg,#cd9796,67.49,20.49,8.32
Peripera,맑게 물든 선샤인 치크,cheek,31 라떼달달해,"8,000원",크림,https://image.oliveyoung.co.kr/cfimages/cf-goods/uploads/images/options/item/2025/8/4829561503551445913.jpg,https://image.oliveyoung.co.kr/cfimages/cf-goods/uploads/images/options/item/2025/8/4829561503551445913.jpg,#c08f7c,63.55,15.97,17.18
Peripera,맑게 물든 선샤인 치크,cheek,01 집밖은위험해,"8,000원",매트,https://image.oliveyoung.co.kr/cfimages/cf-goods/uploads/images/options/item/2022/2/6363369479518784695.png,https://image.oliveyoung.co.kr/cfimages/cf-goods/uploads/images/options/item/2022/2/6363369479518784695.png,#de7d82,63.15,38.03,13.89
Peripera,맑게 물든 선샤인 치크,cheek,06 아침잠좋아해,"8,000원",매트,https://image.oliveyoung.co.kr/cfimages/cf-goods/uploads/images/options/item/2022/2/1509096412885140841.png,https://image.oliveyoung.co.kr/cfimages/cf-goods/uploads/images/options/item/2022/2/1509096412885140841.png,#fce2e4,91.95,9.23,2.28
Peripera,맑게 물든 선샤인 치크,cheek,16 도토리 좋아해,"8,000원",매트,https://image.oliveyoung.co.kr/cfimages/cf-goods/uploads/images/options/item/2022/8/2624149728685066029.JPG,https://image.oliveyoung.co.kr/cfimages/cf-goods/uploads/images/options/item/2022/8/2624149728685066029.JPG,#c59b90,67.46,14.41,11.47
Peripera,맑게 물든 선샤인 치크,cheek,22 당도초과해,"8,000원",매트,https://image.oliveyoung.co.kr/cfimages/cf-goods/uploads/images/options/item/2023/8/7558773206723654922.jpg,https://image.oliveyoung.co.kr/cfimages/cf-goods/uploads/images/options/item/2023/8/7558773206723654922.jpg,#efb99e,79.36,15.75,21.05
Peripera,맑게 물든 선샤인 치크,cheek,25 반달입떡해,"8,000원",매트,https://image.oliveyoung.co.kr/cfimages/cf-goods/uploads/images/options/item/2024/8/803640062164177130.jpg,https://image.oliveyoung.co.kr/cfimages/cf-goods/uploads/images/options/item/2024/8/803640062164177130.jpg,#d39178,66.06,21.98,23.05
Peripera,맑게 물든 선샤인 치크,cheek,26 달달베리해,"8,000원",매트,https://image.oliveyoung.co.kr/cfimages/cf-goods/uploads/images/options/item/2024/12/6502480498622495478.jpg,https://image.oliveyoung.co.kr/cfimages/cf-goods/uploads/images/options/item/2024/12/6502480498622495478.jpg,#f0b8ab,79.57,18.49,14.59
Peripera,맑게 물든 선샤인 치크,cheek,27 딸기수확해,"8,000원",매트,https://image.oliveyoung.co.kr/cfimages/cf-goods/uploads/images/options/item/2024/12/7064849718942756951.jpg,https://image.oliveyoung.co.kr/cfimages/cf-goods/uploads/images/options/item/2024/12/7064849718942756951.jpg,#feb9b9,81.31,25.04,9.81
Rom&nd,롬앤 배러 댄 치크,cheek,C02 블루베리칩,"9,900원",매트,https://romand.io/images/product/646/a1WBLF26Pc6XueJBg0Dse2pelvUUf5kp3BbdKxQV.jpg,https://romand.io/images/product/646/a1WBLF26Pc6XueJBg0Dse2pelvUUf5kp3BbdKxQV.jpg,#dc929e,68.19,29.44,4.97
Rom&nd,롬앤 배러 댄 치크,cheek,N02 바인 누드,"9,900원",매트,https://romand.io/images/product/646/etcbVd374QRhanVuNgfaaWc9w3ueL5zo2dPc8SBd.jpg,https://romand.io/images/product/646/etcbVd374QRhanVuNgfaaWc9w3ueL5zo2dPc8SBd.jpg,#a56a71,51.29,24.51,5.78
Rom&nd,롬앤 배러 댄 치크,cheek,N01 너티 누드,"9,900원",매트,https://romand.io/images/product/646/yYRZBoSoYcazb0b5l8vssfou76C4NiBif1terPW2.jpg,https://romand.io/images/product/646/yYRZBoSoYcazb0b5l8vssfou76C4NiBif1terPW2.jpg,#dcab8e,73.82,13.74,21.97
Rom&nd,롬앤 배러 댄 치크,cheek,W03 애프리콧 밀크,"9,900원",매트,https://romand.io/images/product/646/gCiKd3Zbbq0OaZLHoc0few1L1gSNaGheNUSz9sAA.jpg,https://romand.io/images/product/646/gCiKd3Zbbq0OaZLHoc0few1L1gSNaGheNUSz9sAA.jpg,#dda58b,72.23,17.15,21.57
Rom&nd,롬앤 배러 댄 치크,cheek,W02 스트로베리 밀크,"9,900원",매트,https://romand.io/images/product/646/wFnQ7tfLlykdNqOYsqimEsFoeMB5WfmTivzjQ7MN.jpg,https://romand.io/images/product/646/wFnQ7tfLlykdNqOYsqimEsFoeMB5WfmTivzjQ7MN.jpg,#cb7d84,60.89,31.2,8.99
Rom&nd,롬앤 배러 댄 치크,cheek,W01 오디 밀크,"9,900원",매트,https://romand.io/images/product/646/AwiH4q0351pRiGB08kuC6HwMqyC5B4wCj7iPgpxD.jpg,https://romand.io/images/product/646/AwiH4q0351pRiGB08kuC6HwMqyC5B4wCj7iPgpxD.jpg,#c78094,61.35,30.18,0.51
Rom&nd,롬앤 배러 댄 치크,cheek,C04 페어칩,"9,900원",매트,https://romand.io/images/product/646/Dq5jzRnsaCsOVmwQtiTvngKMa8jjUZWB7IpmMvdk.jpg,https://romand.io/images/product/646/Dq5jzRnsaCsOVmwQtiTvngKMa8jjUZWB7IpmMvdk.jpg,#d79b7e,69.09,18.54,24.38
Rom&nd,롬앤 배러 댄 치크,cheek,C03 피그칩,"9,900원",매트,https://romand.io/images/product/646/d8wTCZmtdM8JDb6hW6oRyDJbiPsPP9crfAT8DTFA.jpg,https://romand.io/images/product/646/d8wTCZmtdM8JDb6hW6oRyDJbiPsPP9crfAT8DTFA.jpg,#c77e70,60.15,26.86,19.48
Rom&nd,롬앤 배러 댄 치크,cheek,C01 피치칩,"9,900원",매트,https://romand.io/images/product/646/6xGfeKtWTDBBSN1QBd6ahjVJmSFv2zmQyhWj2glJ.jpg,https://romand.io/images/product/646/6xGfeKtWTDBBSN1QBd6ahjVJmSFv2zmQyhWj2glJ.jpg,#dc8e73,66.34,26.7,26.41
Rom&nd,롬앤 배러 댄 치크 #글레이즈,cheek,G02 쥬시 글레이즈,"9,900원",글로시,https://romand.io/images/product/970/bkLVTxUXe0RtD59aPFPmsc76pENz7xe2kuW75lYF.png,https://romand.io/images/product/970/bkLVTxUXe0RtD59aPFPmsc76pENz7xe2kuW75lYF.png,#ed825b,65.61,37.53,39.01
Rom&nd,롬앤 배러 댄 치크 #글레이즈,cheek,G01 피치 글레이즈,"9,900원",글로시,https://romand.io/images/product/970/g9iDW3RHfBgRnwvsadKs69UTJ9NNUXS9EEWgdWqD.png,https://romand.io/images/product/970/g9iDW3RHfBgRnwvsadKs69UTJ9NNUXS9EEWgdWqD.png,#dc737f,60.72,42.19,11.96
Rom&nd,롬앤 배러 댄 치크 #스프링피버,cheek,S02 리치 칩,"9,900원",쉬어,https://romand.io/images/product/881/S7vld8W1tXMYRF5WA7Q7XNpWiD5kkN54T9xUfwFL.jpg,https://romand.io/images/product/881/S7vld8W1tXMYRF5WA7Q7XNpWiD5kkN54T9xUfwFL.jpg,#da7e8a,63.02,36.69,9.1
Rom&nd,롬앤 배러 댄 치크 #스프링피버,cheek,S01 망고 칩,"9,900원",쉬어,https://romand.io/images/product/881/vvcFJmFL9JhtFOPYmrd2ErJn1w7jDMSsQY6lMDwu.jpg,https://romand.io/images/product/881/vvcFJmFL9JhtFOPYmrd2ErJn1w7jDMSsQY6lMDwu.jpg,#ea8455,65.58,35.03,42.34
Rom&nd,롬앤 배러 댄 치크 #블랙스펙트럼,cheek,B01 진저 나잇,"9,900원",매트,https://romand.io/images/product/905/HRX1UVqpU2jtmmtFepWhfS7znjs9VVZc2f7vX0uR.jpg,https://romand.io/images/product/905/HRX1UVqpU2jtmmtFepWhfS7znjs9VVZc2f7vX0uR.jpg,#c59482,65.62,15.78,16.83
Rom&nd,롬앤 배러 댄 치크 #블랙스펙트럼,cheek,B02 베리 던,"9,900원",매트,https://romand.io/images/product/905/sPFqtxOqlYMtTESZhVbXcLmzXKYAXqRRVN7KKC1A.jpg,https://romand.io/images/product/905/sPFqtxOqlYMtTESZhVbXcLmzXKYAXqRRVN7KKC1A.jpg,#ac7672,55.1,20.5,10.79
Rom&nd,롬앤 배러 댄 치크 #블랙스펙트럼,cheek,B03 블랙 밤,"9,900원",크림,https://romand.io/images/product/905/KjySZDNLhDV4o330ThweJ5lBuzHBuVonrG83SOo7.jpg,https://romand.io/images/product/905/KjySZDNLhDV4o330ThweJ5lBuzHBuVonrG83SOo7.jpg,#864d5f,39.91,26.35,-0.24
디어달리아,리퀴드 블러쉬,cheek,베티,"25,000원",리퀴드,https://image.oliveyoung.co.kr/cfimages/cf-goods/uploads/images/options/item/2025/10/3612252545995366985.jpg,https://image.oliveyoung.co.kr/cfimages/cf-goods/uploads/images/options/item/2025/10/3612252545995366985.jpg,#b02738,39.6,54.84,25.06
디어달리아,리퀴드 블러쉬,cheek,샤이,"25,000원",리퀴드,https://image.oliveyoung.co.kr/cfimages/cf-goods/uploads/images/options/item/2025/10/3949988063243089481.jpg,https://image.oliveyoung.co.kr/cfimages/cf-goods/uploads/images/options/item/2025/10/3949988063243089481.jpg,#df9799,69.52,27.49,9.94
디어달리아,리퀴드 블러쉬,cheek,레이지,"25,000원",리퀴드,https://image.oliveyoung.co.kr/cfimages/cf-goods/uploads/images/options/item/2025/10/4062596795855087435.jpg,https://image.oliveyoung.co.kr/cfimages/cf-goods/uploads/images/options/item/2025/10/4062596795855087435.jpg,#d3958c,67.57,22.1,14.26
디어달리아,리퀴드 블러쉬,cheek,베어리,"25,000원",리퀴드,https://image.oliveyoung.co.kr/cfimages/cf-goods/uploads/images/options/item/2025/10/4348670330413155147.jpg,https://image.oliveyoung.co.kr/cfimages/cf-goods/uploads/images/options/item/2025/10/4348670330413155147.jpg,#e3998f,70.14,26.57,16.23
디어달리아,리퀴드 블러쉬,cheek,소프티,"25,000원",리퀴드,https://image.oliveyoung.co.kr/cfimages/cf-goods/uploads/images/options/item/2025/10/7334729374192755470.jpg,https://image.oliveyoung.co.kr/cfimages/cf-goods/uploads/images/options/item/2025/10/7334729374192755470.jpg,#da949d,68.31,27.72,6.09
디어달리아,리퀴드 블러쉬,cheek,드리미,"25,000원",리퀴드,https://image.oliveyoung.co.kr/cfimages/cf-goods/uploads/images/options/item/2025/10/8502339896971327164.jpg,https://image.oliveyoung.co.kr/cfimages/cf-goods/uploads/images/options/item/2025/10/8502339896971327164.jpg,#e67c81,63.94,41.25,15.98
디어달리아,리퀴드 블러쉬,cheek,무디,"25,000원",리퀴드,https://image.oliveyoung.co.kr/cfimages/cf-goods/uploads/images/options/item/2025/10/7612873178096029564.jpg,https://image.oliveyoung.co.kr/cfimages/cf-goods/uploads/images/options/item/2025/10/7612873178096029564.jpg,#ba6766,53.07,32.89,15.62
디어달리아,리퀴드 블러쉬,cheek,글로리,"25,000원",리퀴드,https://image.oliveyoung.co.kr/cfimages/cf-goods/uploads/images/options/item/2025/10/3655770018503079810.jpg,https://image.oliveyoung.co.kr/cfimages/cf-goods/uploads/images/options/item/2025/10/3655770018503079810.jpg,#da8472,63.87,30.87,23.85
디어달리아,리퀴드 블러쉬,cheek,딜라잇,"25,000원",리퀴드,https://image.oliveyoung.co.kr/cfimages/cf-goods/uploads/images/options/item/2025/10/7099846646576244198.jpg,https://image.oliveyoung.co.kr/cfimages/cf-goods/uploads/images/options/item/2025/10/7099846646576244198.jpg,#e3b0d1,77.27,24.0,-9.53
디어달리아,리퀴드 블러쉬,cheek,태피,"25,000원",리퀴드,https://image.oliveyoung.co.kr/cfimages/cf-goods/uploads/images/options/item/2025/10/3864396127778884910.jpg,https://image.oliveyoung.co.kr/cfimages/cf-goods/uploads/images/options/item/2025/10/3864396127778884910.jpg,#ec8fae,69.86,39.0,-0.94
디어달리아,리퀴드 블러쉬,cheek,웨이비,"25,000원",리퀴드,https://image.oliveyoung.co.kr/cfimages/cf-goods/uploads/images/options/item/2025/10/6365483722147505514.jpg,https://image.oliveyoung.co.kr/cfimages/cf-goods/uploads/images/options/item/2025/10/6365483722147505514.jpg,#e55c67,57.39,54.2,21.97
디어달리아,리퀴드 블러쉬,cheek,브리지,"25,000원",리퀴드,https://image.oliveyoung.co.kr/cfimages/cf-goods/uploads/images/options/item/2025/10/789675191584119897.jpg,https://image.oliveyoung.co.kr/cfimages/cf-goods/uploads/images/options/item/2025/10/789675191584119897.jpg,#fd9c83,73.66,33.81,28.54
디어달리아,리퀴드 블러쉬,cheek,퓨리티,"25,000원",리퀴드,https://image.oliveyoung.co.kr/cfimages/cf-goods/uploads/images/options/item/2025/10/331913712363472730.jpg,https://image.oliveyoung.co.kr/cfimages/cf-goods/uploads/images/options/item/2025/10/331913712363472730.jpg,#f1acc1,77.39,28.16,-0.23
디어달리아,리퀴드 블러쉬,cheek,플레쉬,"25,000원",리퀴드,https://image.oliveyoung.co.kr/cfimages/cf-goods/uploads/images/options/item/2025/10/1794917647657981347.jpg,https://image.oliveyoung.co.kr/cfimages/cf-goods/uploads/images/options/item/2025/10/1794917647657981347.jpg,#de847d,64.52,33.57,18.64
디어달리아,리퀴드 블러쉬,cheek,헤이지,"25,000원",리퀴드,https://image.oliveyoung.co.kr/cfimages/cf-goods/uploads/images/options/item/2025/10/4339122244128348774.jpg,https://image.oliveyoung.co.kr/cfimages/cf-goods/uploads/images/options/item/2025/10/4339122244128348774.jpg,#d08dab,65.94,29.98,-5.72
딘토,블러피니쉬 올댓모먼츠 블러셔,cheek,503 스펑키 카프카,"19,000원",매트,https://image.oliveyoung.co.kr/cfimages/cf-goods/uploads/images/options/item/2024/9/6119502315470859685.jpg,https://image.oliveyoung.co.kr/cfimages/cf-goods/uploads/images/options/item/2024/9/6119502315470859685.jpg,#feaf93,78.31,25.85,26.0
딘토,블러피니쉬 올댓모먼츠 블러셔,cheek,505 블러쉬드 니체,"19,000원",매트,https://image.oliveyoung.co.kr/cfimages/cf-goods/uploads/images/options/item/2024/9/2636943440973698053.jpg,https://image.oliveyoung.co.kr/cfimages/cf-goods/uploads/images/options/item/2024/9/2636943440973698053.jpg,#fce0e6,91.61,10.39,0.8
딘토,블러피니쉬 올댓모먼츠 블러셔,cheek,506 드리미 와일드,"19,000원",매트,https://image.oliveyoung.co.kr/cfimages/cf-goods/uploads/images/options/item/2024/9/6048944943772499823.jpg,https://image.oliveyoung.co.kr/cfimages/cf-goods/uploads/images/options/item/2024/9/6048944943772499823.jpg,#feb9d3,82.08,28.81,-3.2
딘토,블러피니쉬 올댓모먼츠 블러셔,cheek,501 메리 오웰,"19,000원",매트,https://image.oliveyoung.co.kr/cfimages/cf-goods/uploads/images/options/item/2024/9/3488416879190926516.jpg,https://image.oliveyoung.co.kr/cfimages/cf-goods/uploads/images/options/item/2024/9/3488416879190926516.jpg,#fbbeb1,82.18,20.18,15.1
딘토,블러피니쉬 올댓모먼츠 블러셔,cheek,502 스윗 릴케,"19,000원",매트,https://image.oliveyoung.co.kr/cfimages/cf-goods/uploads/images/options/item/2024/9/6314882818552235196.jpg,https://image.oliveyoung.co.kr/cfimages/cf-goods/uploads/images/options/item/2024/9/6314882818552235196.jpg,#febda0,81.83,19.87,23.94
딘토,블러피니쉬 올댓모먼츠 블러셔,cheek,504 무디 로르카,"19,000원",매트,https://image.oliveyoung.co.kr/cfimages/cf-goods/uploads/images/options/item/2024/9/3202045822009959575.jpg,https://image.oliveyoung.co.kr/cfimages/cf-goods/uploads/images/options/item/2024/9/3202045822009959575.jpg,#fbbba0,81.18,19.35,22.81
딘토,블러피니쉬 올댓모먼츠 블러셔,cheek,507 디어 살로메,"19,000원",매트,https://image.oliveyoung.co.kr/cfimages/cf-goods/uploads/images/options/item/2024/9/7430594713183472087.jpg,https://image.oliveyoung.co.kr/cfimages/cf-goods/uploads/images/options/item/2024/9/7430594713183472087.jpg,#fecbc9,85.97,17.97,7.71
딘토,블러피니쉬 올댓모먼츠 블러셔,cheek,508 리틀 올콧,"19,000원",매트,https://image.oliveyoung.co.kr/cfimages/cf-goods/uploads/images/options/item/2024/9/5076634002520278148.jpg,https://image.oliveyoung.co.kr/cfimages/cf-goods/uploads/images/options/item/2024/9/5076634002520278148.jpg,#f8d6cb,88.04,10.05,9.68
딘토,블러피니쉬 올댓모먼츠 블러셔,cheek,509 네이키드 호손,"19,000원",매트,https://image.oliveyoung.co.kr/cfimages/cf-goods/uploads/images/options/item/2024/10/2117668500566411626.jpg,https://image.oliveyoung.co.kr/cfimages/cf-goods/uploads/images/options/item/2024/10/2117668500566411626.jpg,#f4d5cc,87.53,9.47,8.57
딘토,블러피니쉬 올댓모먼츠 블러셔,cheek,510 미스티 도데,"19,000원",매트,https://image.oliveyoung.co.kr/cfimages/cf-goods/uploads/images/options/item/2024/10/5773657714891675495.jpg,https://image.oliveyoung.co.kr/cfimages/cf-goods/uploads/images/options/item/2024/10/5773657714891675495.jpg,#ebd2dd,86.6,10.34,-2.07
삐아,레디 투 웨어 다우니 치크,cheek,01 다우니핑크,"9,000원",크림,https://image.oliveyoung.co.kr/cfimages/cf-goods/uploads/images/options/item/2024/9/8646179113872723418.jpg,https://image.oliveyoung.co.kr/cfimages/cf-goods/uploads/images/options/item/2024/9/8646179113872723418.jpg,#ee9394,70.38,34.44,13.98
삐아,레디 투 웨어 다우니 치크,cheek,02 다우니피치,"9,000원",크림,https://image.oliveyoung.co.kr/cfimages/cf-goods/uploads/images/options/item/2024/9/4406711892580164469.jpg,https://image.oliveyoung.co.kr/cfimages/cf-goods/uploads/images/options/item/2024/9/4406711892580164469.jpg,#e2887e,66.06,32.99,20.04
삐아,레디 투 웨어 다우니 치크,cheek,03 다우니애프리콧,"9,000원",크림,https://image.oliveyoung.co.kr/cfimages/cf-goods/uploads/images/options/item/2024/9/2797243107644364525.jpg,https://image.oliveyoung.co.kr/cfimages/cf-goods/uploads/images/options/item/2024/9/2797243107644364525.jpg,#eba989,74.68,20.66,26.07
삐아,레디 투 웨어 다우니 치크,cheek,04 다우니라벤더,"9,000원",크림,https://image.oliveyoung.co.kr/cfimages/cf-goods/uploads/images/options/item/2024/9/8981504908162656381.jpg,https://image.oliveyoung.co.kr/cfimages/cf-goods/uploads/images/options/item/2024/9/8981504908162656381.jpg,#d28dc9,67.25,35.58,-20.16
삐아,레디 투 웨어 다우니 치크,cheek,06 다우니피그,"9,000원",크림,https://image.oliveyoung.co.kr/cfimages/cf-goods/uploads/images/options/item/2024/9/9037752405952835344.jpg,https://image.oliveyoung.co.kr/cfimages/cf-goods/uploads/images/options/item/2024/9/9037752405952835344.jpg,#d48d84,65.55,25.83,15.71
삐아,레디 투 웨어 다우니 치크,cheek,07 다우니엔젤,"9,000원",크림,https://image.oliveyoung.co.kr/cfimages/cf-goods/uploads/images/options/item/2024/9/3978245376195816719.jpg,https://image.oliveyoung.co.kr/cfimages/cf-goods/uploads/images/options/item/2024/9/3978245376195816719.jpg,#fbeaef,94.06,6.76,-0.33
삐아,레디 투 웨어 다우니 치크,cheek,08 다우니로지,"9,000원",크림,https://image.oliveyoung.co.kr/cfimages/cf-goods/uploads/images/options/item/2024/9/7768319708264698122.jpg,https://image.oliveyoung.co.kr/cfimages/cf-goods/uploads/images/options/item/2024/9/7768319708264698122.jpg,#e6838d,65.79,39.15,11.28
삐아,레디 투 웨어 다우니 치크,cheek,12 다우니블룸,"9,000원",크림,https://image.oliveyoung.co.kr/cfimages/cf-goods/uploads/images/options/item/2025/2/4126401589500490864.jpg,https://image.oliveyoung.co.kr/cfimages/cf-goods/uploads/images/options/item/2025/2/4126401589500490864.jpg,#e57e99,64.82,42.99,3.12
삐아,레디 투 웨어 다우니 치크,cheek,05 다우니코랄,"9,000원",크림,https://image.oliveyoung.co.kr/cfimages/cf-goods/uploads/images/options/item/2024/9/7976777026278388420.jpg,https://image.oliveyoung.co.kr/cfimages/cf-goods/uploads/images/options/item/2024/9/7976777026278388420.jpg,#e17f6e,63.47,36.05,25.75
삐아,레디 투 웨어 다우니 치크,cheek,09 다우니타로,"9,000원",크림,https://image.oliveyoung.co.kr/cfimages/cf-goods/uploads/images/options/item/2024/9/6022601449462804780.jpg,https://image.oliveyoung.co.kr/cfimages/cf-goods/uploads/images/options/item/2024/9/6022601449462804780.jpg,#d4929b,67.23,25.99,5.41
삐아,레디 투 웨어 다우니 치크,cheek,10 다우니초코,"9,000원",크림,https://image.oliveyoung.co.kr/cfimages/cf-goods/uploads/images/options/item/2025/3/407996787629227070.jpg,https://image.oliveyoung.co.kr/cfimages/cf-goods/uploads/images/options/item/2025/3/407996787629227070.jpg,#c89892,67.06,17.42,9.99
삐아,레디 투 웨어 다우니 치크,cheek,11 다우니페탈,"9,000원",크림,https://image.oliveyoung.co.kr/cfimages/cf-goods/uploads/images/options/item/2025/2/7915190507835915569.jpg,https://image.oliveyoung.co.kr/cfimages/cf-goods/uploads/images/options/item/2025/2/7915190507835915569.jpg,#edafa6,76.94,21.29,13.51
어퓨,과즙팡 젤리 블러셔,cheek,네마음갖구아바,"10,000원",젤리,https://image.oliveyoung.co.kr/cfimages/cf-goods/uploads/images/options/item/2024/4/6340852362514777251.jpg,https://image.oliveyoung.co.kr/cfimages/cf-goods/uploads/images/options/item/2024/4/6340852362514777251.jpg,#be8b86,62.55,18.72,10.13
어퓨,과즙팡 젤리 블러셔,cheek,무정한무화과,"10,000원",젤리,https://image.oliveyoung.co.kr/cfimages/cf-goods/uploads/images/options/item/2024/4/3635572678407164662.jpg,https://image.oliveyoung.co.kr/cfimages/cf-goods/uploads/images/options/item/2024/4/3635572678407164662.jpg,#a37870,54.34,16.04,10.64
어퓨,과즙팡 젤리 블러셔,cheek,자꾸자두말리지마,"10,000원",젤리,https://image.oliveyoung.co.kr/cfimages/cf-goods/uploads/images/options/item/2024/4/1520554506858414298.jpg,https://image.oliveyoung.co.kr/cfimages/cf-goods/uploads/images/options/item/2024/4/1520554506858414298.jpg,#a3787f,54.85,17.99,2.75
어퓨,과즙팡 젤리 블러셔,cheek,싱숭생숭복숭아,"10,000원",젤리,https://image.oliveyoung.co.kr/cfimages/cf-goods/uploads/images/options/item/2024/4/4153442414427644884.jpg,https://image.oliveyoung.co.kr/cfimages/cf-goods/uploads/images/options/item/2024/4/4153442414427644884.jpg,#c48d86,63.88,19.92,12.29
어퓨,과즙팡 젤리 블러셔,cheek,외로워도슬포도,"10,000원",젤리,https://image.oliveyoung.co.kr/cfimages/cf-goods/uploads/images/options/item/2024/4/4224620528738453455.jpg,https://image.oliveyoung.co.kr/cfimages/cf-goods/uploads/images/options/item/2024/4/4224620528738453455.jpg,#c38d9e,64.24,22.9,-0.94
어퓨,과즙팡 젤리 블러셔,cheek,이제그만사과해,"10,000원",젤리,https://image.oliveyoung.co.kr/cfimages/cf-goods/uploads/images/options/item/2024/4/721176024627286436.jpg,https://image.oliveyoung.co.kr/cfimages/cf-goods/uploads/images/options/item/2024/4/721176024627286436.jpg,#a2686d,50.39,23.77,7.09
얼터너티브스테레오,바미 크림 치크,cheek,10호 피치 크림,"15,000원",크림,https://image.oliveyoung.co.kr/cfimages/cf-goods/uploads/images/options/item/2025/1/3072804440522494201.jpg,https://image.oliveyoung.co.kr/cfimages/cf-goods/uploads/images/options/item/2025/1/3072804440522494201.jpg,#f1b39f,78.15,19.86,19.11
얼터너티브스테레오,바미 크림 치크,cheek,8호 스윗 라일락,"15,000원",크림,https://image.oliveyoung.co.kr/cfimages/cf-goods/uploads/images/options/item/2025/1/3306772931163037113.jpg,https://image.oliveyoung.co.kr/cfimages/cf-goods/uploads/images/options/item/2025/1/3306772931163037113.jpg,#f0a8d4,76.79,33.15,-11.93
얼터너티브스테레오,바미 크림 치크,cheek,1호 베이비 로즈,"15,000원",크림,https://image.oliveyoung.co.kr/cfimages/cf-goods/uploads/images/options/item/2024/10/3907407821764325838.jpg,https://image.oliveyoung.co.kr/cfimages/cf-goods/uploads/images/options/item/2024/10/3907407821764325838.jpg,#e69494,69.62,30.73,12.96
얼터너티브스테레오,바미 크림 치크,cheek,3호 밀키 피치,"15,000원",크림,https://image.oliveyoung.co.kr/cfimages/cf-goods/uploads/images/options/item/2024/10/6471488050323584083.jpg,https://image.oliveyoung.co.kr/cfimages/cf-goods/uploads/images/options/item/2024/10/6471488050323584083.jpg,#e1857b,65.14,34.33,20.71
얼터너티브스테레오,바미 크림 치크,cheek,4호 로즈 베리,"15,000원",크림,https://image.oliveyoung.co.kr/cfimages/cf-goods/uploads/images/options/item/2024/10/1587853046865646766.jpg,https://image.oliveyoung.co.kr/cfimages/cf-goods/uploads/images/options/item/2024/10/1587853046865646766.jpg,#bf6e7c,55.86,33.48,6.46
얼터너티브스테레오,바미 크림 치크,cheek,5호 텐더 로즈,"15,000원",크림,https://image.oliveyoung.co.kr/cfimages/cf-goods/uploads/images/options/item/2024/10/3400543398583500354.jpg,https://image.oliveyoung.co.kr/cfimages/cf-goods/uploads/images/options/item/2024/10/3400543398583500354.jpg,#b15e5d,49.83,33.32,16.12
얼터너티브스테레오,바미 크림 치크,cheek,6호 플럼 잼,"15,000원",크림,https://image.oliveyoung.co.kr/cfimages/cf-goods/uploads/images/options/item/2024/10/3117793516463304153.jpg,https://image.oliveyoung.co.kr/cfimages/cf-goods/uploads/images/options/item/2024/10/3117793516463304153.jpg,#97485c,41.09,35.12,4.08
얼터너티브스테레오,바미 크림 치크,cheek,0호 누디 애프리콧,"15,000원",크림,https://image.oliveyoung.co.kr/cfimages/cf-goods/uploads/images/options/item/2024/10/5473935325459018359.jpg,https://image.oliveyoung.co.kr/cfimages/cf-goods/uploads/images/options/item/2024/10/5473935325459018359.jpg,#dda494,72.31,18.74,16.51
얼터너티브스테레오,바미 크림 치크,cheek,2호 스트로베리 밀크,"15,000원",크림,https://image.oliveyoung.co.kr/cfimages/cf-goods/uploads/images/options/item/2024/10/666792039334292861.jpg,https://image.oliveyoung.co.kr/cfimages/cf-goods/uploads/images/options/item/2024/10/666792039334292861.jpg,#df9a9f,70.36,26.76,7.61
얼터너티브스테레오,바미 크림 치크,cheek,7호 타로 라떼,"15,000원",크림,https://image.oliveyoung.co.kr/cfimages/cf-goods/uploads/images/options/item/2024/12/1541745413110605590.jpg,https://image.oliveyoung.co.kr/cfimages/cf-goods/uploads/images/options/item/2024/12/1541745413110605590.jpg,#aa787b,55.58,19.76,6.25
에뛰드,하트 팝 블러셔,cheek,밀크 드리즐,"13,000원",매트https://image.oliveyoung.co.kr/cfimages/cf-goods/uploads/images/options/item/2025/1/5089546134818343160.png,https://image.oliveyoung.co.kr/cfimages/cf-goods/uploads/images/options/item/2025/1/5089546134818343160.png,,,,,
에뛰드,하트 팝 블러셔,cheek,스트로베리 모찌,"13,000원",매트,https://image.oliveyoung.co.kr/cfimages/cf-goods/uploads/images/options/item/2025/1/4324165960070648390.png,https://image.oliveyoung.co.kr/cfimages/cf-goods/uploads/images/options/item/2025/1/4324165960070648390.png,#9b747d,52.88,16.5,0.9
에뛰드,하트 팝 블러셔,cheek,러블리 프라페,"13,000원",쉬어,https://image.oliveyoung.co.kr/cfimages/cf-goods/uploads/images/options/item/2025/1/2425168892547735974.png,https://image.oliveyoung.co.kr/cfimages/cf-goods/uploads/images/options/item/2025/1/2425168892547735974.png,#d299a2,68.68,22.77,3.3
에뛰드,하트 팝 블러셔,cheek,사우어 젤리,"13,000원",쉬어,https://image.oliveyoung.co.kr/cfimages/cf-goods/uploads/images/options/item/2025/1/2155711272446325047.png,https://image.oliveyoung.co.kr/cfimages/cf-goods/uploads/images/options/item/2025/1/2155711272446325047.png,#c18dac,64.44,24.44,-8.63
에뛰드,하트 팝 블러셔,cheek,쿨 펀치 에이드,"13,000원",매트,https://image.oliveyoung.co.kr/cfimages/cf-goods/uploads/images/options/item/2025/1/7200370611991911589.png,https://image.oliveyoung.co.kr/cfimages/cf-goods/uploads/images/options/item/2025/1/7200370611991911589.png,#e196b1,70.14,32.06,-2.43
에뛰드,하트 팝 블러셔,cheek,피치 스쿱,"13,000원",매트,https://image.oliveyoung.co.kr/cfimages/cf-goods/uploads/images/options/item/2025/1/2971019617155780291.png,https://image.oliveyoung.co.kr/cfimages/cf-goods/uploads/images/options/item/2025/1/2971019617155780291.png,#d88d7d,65.98,26.51,20.37
에뛰드,하트 팝 블러셔,cheek,라벤더 스노우,"13,000원",매트,https://image.oliveyoung.co.kr/cfimages/cf-goods/uploads/images/options/item/2024/8/5314337700455545270.jpg,https://image.oliveyoung.co.kr/cfimages/cf-goods/uploads/images/options/item/2024/8/5314337700455545270.jpg,#6f7e9b,52.59,1.51,-17.28
에뛰드,하트 팝 블러셔,cheek,쉘 위 댄스,"13,000원",쉬어,https://image.oliveyoung.co.kr/cfimages/cf-goods/uploads/images/options/item/2024/8/6362656763983788365.jpg,https://image.oliveyoung.co.kr/cfimages/cf-goods/uploads/images/options/item/2024/8/6362656763983788365.jpg,#d1a398,70.8,15.38,12.03
에이오유,촉촉 크림 블러셔 ,cheek,02 핑키볼,"16,800원",크림,https://image.oliveyoung.co.kr/cfimages/cf-goods/uploads/images/options/item/2025/10/246068297624516871.jpg,https://image.oliveyoung.co.kr/cfimages/cf-goods/uploads/images/options/item/2025/10/246068297624516871.jpg,#e6609d,59.53,57.68,-6.66
에이오유,촉촉 크림 블러셔 ,cheek,03 벚꽃볼,"16,800원",크림,https://image.oliveyoung.co.kr/cfimages/cf-goods/uploads/images/options/item/2025/10/7088021173034421816.jpg,https://image.oliveyoung.co.kr/cfimages/cf-goods/uploads/images/options/item/2025/10/7088021173034421816.jpg,#ea6283,59.74,55.32,8.68
에이오유,촉촉 크림 블러셔 ,cheek,04 모브콜,"16,800원",크림,https://image.oliveyoung.co.kr/cfimages/cf-goods/uploads/images/options/item/2025/10/3656468433137640752.jpg,https://image.oliveyoung.co.kr/cfimages/cf-goods/uploads/images/options/item/2025/10/3656468433137640752.jpg,#bc4160,46.11,51.71,9.42
에이오유,촉촉 크림 블러셔 ,cheek,05 로지볼,"16,800원",크림,https://image.oliveyoung.co.kr/cfimages/cf-goods/uploads/images/options/item/2025/10/6055762474664065094.jpg,https://image.oliveyoung.co.kr/cfimages/cf-goods/uploads/images/options/item/2025/10/6055762474664065094.jpg,#d15655,52.79,48.73,25.39
에이오유,촉촉 크림 블러셔 ,cheek,06 감귤볼,"16,800원",크림,https://image.oliveyoung.co.kr/cfimages/cf-goods/uploads/images/options/item/2025/10/8110895912718874310.jpg,https://image.oliveyoung.co.kr/cfimages/cf-goods/uploads/images/options/item/2025/10/8110895912718874310.jpg,#ff7856,65.89,49.07,42.72
에이오유,촉촉 크림 블러셔 ,cheek,07 펌킨볼,"16,800원",크림,https://image.oliveyoung.co.kr/cfimages/cf-goods/uploads/images/options/item/2025/10/2888735927627997682.jpg,https://image.oliveyoung.co.kr/cfimages/cf-goods/uploads/images/options/item/2025/10/2888735927627997682.jpg,#e95043,55.47,58.31,40.22
에이오유,촉촉 크림 블러셔 ,cheek,08 써니볼,"16,800원",크림,https://image.oliveyoung.co.kr/cfimages/cf-goods/uploads/images/options/item/2025/10/3652194986785218122.jpg,https://image.oliveyoung.co.kr/cfimages/cf-goods/uploads/images/options/item/2025/10/3652194986785218122.jpg,#e13637,50.72,64.61,41.21
에이오유,촉촉 크림 블러셔 ,cheek,01 츄르볼,"16,800원",크림,https://image.oliveyoung.co.kr/cfimages/cf-goods/uploads/images/options/item/2025/10/2823599093074507880.jpg,https://image.oliveyoung.co.kr/cfimages/cf-goods/uploads/images/options/item/2025/10/2823599093074507880.jpg,#fa7c83,66.83,48.75,18.93
웨이크메이크,쉬어 브리즈 블러셔,cheek,06 베이지 로즈,"14,000원",매트,https://image.oliveyoung.co.kr/cfimages/cf-goods/uploads/images/options/item/2025/8/4964693707575122818.jpg,https://image.oliveyoung.co.kr/cfimages/cf-goods/uploads/images/options/item/2025/8/4964693707575122818.jpg,#d29196,66.68,25.16,7.19
웨이크메이크,쉬어 브리즈 블러셔,cheek,07 베일리,"14,000원",매트,https://image.oliveyoung.co.kr/cfimages/cf-goods/uploads/images/options/item/2025/8/2516169503490968574.jpg,https://image.oliveyoung.co.kr/cfimages/cf-goods/uploads/images/options/item/2025/8/2516169503490968574.jpg,#e1a7a0,73.72,20.48,12.06
웨이크메이크,쉬어 브리즈 블러셔,cheek,01 밀키 애프리콧,"14,000원",매트,https://image.oliveyoung.co.kr/cfimages/cf-goods/uploads/images/options/item/2025/3/2055993301095561936.jpg,https://image.oliveyoung.co.kr/cfimages/cf-goods/uploads/images/options/item/2025/3/2055993301095561936.jpg,#eeba9e,79.44,14.93,21.53
웨이크메이크,쉬어 브리즈 블러셔,cheek,02 살몬 코랄,"14,000원",매트,https://image.oliveyoung.co.kr/cfimages/cf-goods/uploads/images/options/item/2025/3/6159235626396786345.jpg,https://image.oliveyoung.co.kr/cfimages/cf-goods/uploads/images/options/item/2025/3/6159235626396786345.jpg,#e9a391,73.24,23.82,19.74
웨이크메이크,쉬어 브리즈 블러셔,cheek,03 베이지 핑크,"14,000원",매트,https://image.oliveyoung.co.kr/cfimages/cf-goods/uploads/images/options/item/2025/3/4671166189625629846.jpg,https://image.oliveyoung.co.kr/cfimages/cf-goods/uploads/images/options/item/2025/3/4671166189625629846.jpg,#c88b8e,63.9,24.01,7.79
웨이크메이크,쉬어 브리즈 블러셔,cheek,04 베리쉬,"14,000원",매트,https://image.oliveyoung.co.kr/cfimages/cf-goods/uploads/images/options/item/2025/3/4957204050161562422.jpg,https://image.oliveyoung.co.kr/cfimages/cf-goods/uploads/images/options/item/2025/3/4957204050161562422.jpg,#ea9fa5,73.04,28.57,8.22
웨이크메이크,쉬어 브리즈 블러셔,cheek,05 모브 라일락,"14,000원",매트,https://image.oliveyoung.co.kr/cfimages/cf-goods/uploads/images/options/item/2025/3/6901814203423999163.jpg,https://image.oliveyoung.co.kr/cfimages/cf-goods/uploads/images/options/item/2025/3/6901814203423999163.jpg,#e0a0b8,72.63,27.24,-2.96
컬러그램,틴토리 솜 블러셔,cheek,01 말랑살구,"7,900원",매트,https://image.oliveyoung.co.kr/cfimages/cf-goods/uploads/images/options/item/2025/6/3287336155494634118.png,https://image.oliveyoung.co.kr/cfimages/cf-goods/uploads/images/options/item/2025/6/3287336155494634118.png,#f1cbb3,84.37,9.73,16.96
컬러그램,틴토리 솜 블러셔,cheek,02 도란도화,"7,900원",매트,https://image.oliveyoung.co.kr/cfimages/cf-goods/uploads/images/options/item/2025/6/52964125272969751.png,https://image.oliveyoung.co.kr/cfimages/cf-goods/uploads/images/options/item/2025/6/52964125272969751.png,#f0c8d5,84.25,16.07,-1.24
컬러그램,틴토리 솜 블러셔,cheek,03 썸탠저린,"7,900원",매트,https://image.oliveyoung.co.kr/cfimages/cf-goods/uploads/images/options/item/2025/6/4738093457316946562.png,https://image.oliveyoung.co.kr/cfimages/cf-goods/uploads/images/options/item/2025/6/4738093457316946562.png,#f1b7a4,79.18,18.61,17.7
컬러그램,틴토리 솜 블러셔,cheek,04 베리베일,"7,900원",매트,https://image.oliveyoung.co.kr/cfimages/cf-goods/uploads/images/options/item/2025/6/9000992255809673424.png,https://image.oliveyoung.co.kr/cfimages/cf-goods/uploads/images/options/item/2025/6/9000992255809673424.png,#f8b1bc,79.08,27.51,5.02
컬러그램,틴토리 솜 블러셔,cheek,05 홍시그널,"7,900원",매트,https://image.oliveyoung.co.kr/cfimages/cf-goods/uploads/images/options/item/2025/6/4141884316400968673.png,https://image.oliveyoung.co.kr/cfimages/cf-goods/uploads/images/options/item/2025/6/4141884316400968673.png,#d78f81,66.26,25.52,18.45
컬러그램,틴토리 솜 블러셔,cheek,06 무화카롱,"7,900원",매트,https://image.oliveyoung.co.kr/cfimages/cf-goods/uploads/images/options/item/2025/6/48517186986071969.png,https://image.oliveyoung.co.kr/cfimages/cf-goods/uploads/images/options/item/2025/6/48517186986071969.png,#d78f81,66.27,25.52,18.45
컬러그램,틴토리 솜 블러셔,cheek,07 꼬숩땅콩,"7,900원",매트,https://image.oliveyoung.co.kr/cfimages/cf-goods/uploads/images/options/item/2025/9/8644660138027883208.png,https://image.oliveyoung.co.kr/cfimages/cf-goods/uploads/images/options/item/2025/9/8644660138027883208.png,#dba397,72.0,18.88,14.46
컬러그램,틴토리 솜 블러셔,cheek,08 앙쿨모브,"7,900원",매트,https://image.oliveyoung.co.kr/cfimages/cf-goods/uploads/images/options/item/2025/9/2097159889150318739.png,https://image.oliveyoung.co.kr/cfimages/cf-goods/uploads/images/options/item/2025/9/2097159889150318739.png,#d69a9f,69.32,23.46,6.1
크리니크,치크 팝,cheek,21 발레리나 팝,"36,000원",매트,https://image.oliveyoung.co.kr/cfimages/cf-goods/uploads/images/options/item/2023/4/3151898692539332077.jpeg,https://image.oliveyoung.co.kr/cfimages/cf-goods/uploads/images/options/item/2023/4/3151898692539332077.jpeg,#d69994,68.85,22.41,11.62
크리니크,치크 팝,cheek,08 멜론 팝,"36,000원",매트,https://image.oliveyoung.co.kr/cfimages/cf-goods/uploads/images/options/item/2023/4/398386479081486893.jpeg,https://image.oliveyoung.co.kr/cfimages/cf-goods/uploads/images/options/item/2023/4/398386479081486893.jpeg,#dd7f6f,63.16,34.72,24.67
크리니크,치크 팝,cheek,01 진저 팝,"36,000원",매트,https://image.oliveyoung.co.kr/cfimages/cf-goods/uploads/images/options/item/2023/4/8340879343003284136.jpeg,https://image.oliveyoung.co.kr/cfimages/cf-goods/uploads/images/options/item/2023/4/8340879343003284136.jpeg,#c86f68,56.65,34.32,19.4
크리니크,치크 팝,cheek,02 피치 팝,"36,000원",매트,https://image.oliveyoung.co.kr/cfimages/cf-goods/uploads/images/options/item/2023/4/7567138614691331814.jpeg,https://image.oliveyoung.co.kr/cfimages/cf-goods/uploads/images/options/item/2023/4/7567138614691331814.jpeg,#de635b,57.33,47.56,28.27
크리니크,치크 팝,cheek,10 피그 팝,"36,000원",매트,https://image.oliveyoung.co.kr/cfimages/cf-goods/uploads/images/options/item/2023/4/5749652547370384225.jpeg,https://image.oliveyoung.co.kr/cfimages/cf-goods/uploads/images/options/item/2023/4/5749652547370384225.jpeg,#c06561,53.32,35.61,18.97
크리니크,치크 팝,cheek,14 헤더 팝,"36,000원",매트,https://image.oliveyoung.co.kr/cfimages/cf-goods/uploads/images/options/item/2023/4/643166345730542697.jpeg,https://image.oliveyoung.co.kr/cfimages/cf-goods/uploads/images/options/item/2023/4/643166345730542697.jpeg,#d2878a,64.04,29.09,10.14
크리니크,치크 팝,cheek,15 팬지 팝,"36,000원",매트,https://image.oliveyoung.co.kr/cfimages/cf-goods/uploads/images/options/item/2023/4/6299707247740232908.jpeg,https://image.oliveyoung.co.kr/cfimages/cf-goods/uploads/images/options/item/2023/4/6299707247740232908.jpeg,#ca83af,63.33,33.66,-11.53
크리니크,치크 팝,cheek,17 블랙허니 팝,"36,000원",매트,https://image.oliveyoung.co.kr/cfimages/cf-goods/uploads/images/options/item/2023/4/7993474142418845651.jpeg,https://image.oliveyoung.co.kr/cfimages/cf-goods/uploads/images/options/item/2023/4/7993474142418845651.jpeg,#a9635b,49.55,27.41,16.52
크리니크,치크 팝,cheek,18 핑크허니 팝,"36,000원",매트,https://image.oliveyoung.co.kr/cfimages/cf-goods/uploads/images/options/item/2023/4/5474092499976657214.jpeg,https://image.oliveyoung.co.kr/cfimages/cf-goods/uploads/images/options/item/2023/4/5474092499976657214.jpeg,#d46c65,57.63,40.22,22.68
크리니크,치크 팝,cheek,19 블러쉬 팝,"36,000원",매트,https://image.oliveyoung.co.kr/cfimages/cf-goods/uploads/images/options/item/2023/4/2139279212560886705.jpeg,https://image.oliveyoung.co.kr/cfimages/cf-goods/uploads/images/options/item/2023/4/2139279212560886705.jpeg,#da8c81,66.06,28.39,18.53
크리니크,치크 팝,cheek,20 소르베 팝,"36,000원",매트,https://image.oliveyoung.co.kr/cfimages/cf-goods/uploads/images/options/item/2023/4/6557532097276309753.jpeg,https://image.oliveyoung.co.kr/cfimages/cf-goods/uploads/images/options/item/2023/4/6557532097276309753.jpeg,#d78963,64.31,25.9,32.75
크리니크,치크 팝,cheek,누드팝 기획,"36,000원",매트,https://image.oliveyoung.co.kr/cfimages/cf-goods/uploads/images/options/item/2025/9/552406446568548846.jpg,https://image.oliveyoung.co.kr/cfimages/cf-goods/uploads/images/options/item/2025/9/552406446568548846.jpg,#d5866c,63.64,27.45,26.84
크리니크,치크 팝,cheek,05 누드 팝,"36,000원",매트,https://image.oliveyoung.co.kr/cfimages/cf-goods/uploads/images/options/item/2023/4/6076268236751463784.jpeg,https://image.oliveyoung.co.kr/cfimages/cf-goods/uploads/images/options/item/2023/4/6076268236751463784.jpeg,#d7947e,67.28,22.73,21.9
